"Station Name","TORONTO BUTTONVILLE A"
"Province","ONTARIO"
"Current Station Operator","NAV Canada"
"Latitude","43.86"
"Longitude","-79.37"
"Elevation","198.10"
"Climate Identifier","6158410"
"WMO Identifier","71639"
"TC Identifier","YKZ"
"All times are specified in Local Standard Time (LST). Add 1 hour to adjust for Daylight Saving Time where and when it is observed."

"Legend"
"E","Estimated"
"M","Missing"
"NA","Not Available"

"Date/Time","Year","Month","Day","Time","Temp (°C)","Temp Flag","Dew Point Temp (°C)","Dew Point Temp Flag","Rel Hum (%)","Rel Hum Flag","Wind Dir (10s deg)","Wind Dir Flag","Wind Spd (km/h)","Wind Spd Flag","Visibility (km)","Visibility Flag","Stn Press (kPa)","Stn Press Flag","Hmdx","Hmdx Flag","Wind Chill","Wind Chill Flag","Weather"
"2018-10-01 00:00","2018","10","01","00:00","9.2","","8.7","","97","","1","","14","","6.4","","100.14","","","","","","Rain,Fog"
"2018-10-01 01:00","2018","10","01","01:00","8.8","","8.3","","97","","2","","13","","6.4","","100.15","","","","","","Rain,Fog"
"2018-10-01 02:00","2018","10","01","02:00","8.7","","8.2","","97","","5","","9","","4.0","","100.16","","","","","","Moderate Rain,Fog"
"2018-10-01 03:00","2018","10","01","03:00","8.4","","7.9","","97","","4","","13","","14.5","","100.16","","","","","","Rain"
"2018-10-01 04:00","2018","10","01","04:00","8.4","","7.8","","96","","2","","9","","9.7","","100.28","","","","","","Rain,Fog"
"2018-10-01 05:00","2018","10","01","05:00","8.2","","7.7","","97","","4","","9","","17.7","","100.25","","","","","","Rain,Fog"
"2018-10-01 06:00","2018","10","01","06:00","8.1","","7.2","","94","","9","","9","","19.3","","100.30","","","","","","Rain"
"2018-10-01 07:00","2018","10","01","07:00","7.9","","7.1","","95","","3","","12","","19.3","","100.37","","","","","","Rain"
"2018-10-01 08:00","2018","10","01","08:00","7.7","","6.6","","92","","3","","10","","19.3","","100.44","","","","","","NA"
"2018-10-01 09:00","2018","10","01","09:00","7.9","","6.3","","90","","2","","13","","24.1","","100.51","","","","","","Drizzle"
"2018-10-01 10:00","2018","10","01","10:00","8.5","","6.3","","86","","5","","19","","24.1","","100.47","","","","","","Cloudy"
"2018-10-01 11:00","2018","10","01","11:00","8.9","","5.7","","80","","6","","18","","24.1","","100.49","","","","","","NA"
"2018-10-01 12:00","2018","10","01","12:00","9.3","","5.1","","75","","6","","16","","24.1","","100.48","","","","","","NA"
"2018-10-01 13:00","2018","10","01","13:00","9.7","","5.8","","76","","7","","14","","24.1","","100.43","","","","","","Cloudy"
"2018-10-01 14:00","2018","10","01","14:00","9.4","","6.9","","84","","7","","13","","16.1","","100.39","","","","","","Rain"
"2018-10-01 15:00","2018","10","01","15:00","9.4","","6.7","","83","","6","","12","","19.3","","100.33","","","","","","NA"
"2018-10-01 16:00","2018","10","01","16:00","9.7","","6.1","","78","","7","","14","","19.3","","100.30","","","","","","Cloudy"
"2018-10-01 17:00","2018","10","01","17:00","9.4","","5.5","","77","","10","","13","","24.1","","100.26","","","","","","NA"
"2018-10-01 18:00","2018","10","01","18:00","9.2","","5.7","","79","","8","","13","","24.1","","100.17","","","","","","NA"
"2018-10-01 19:00","2018","10","01","19:00","9.3","","4.9","","74","","10","","8","","24.1","","100.16","","","","","","Mostly Cloudy"
"2018-10-01 20:00","2018","10","01","20:00","9.4","","5.5","","77","","9","","11","","24.1","","100.09","","","","","","Rain"
"2018-10-01 21:00","2018","10","01","21:00","9.3","","5.6","","78","","8","","12","","24.1","","100.03","","","","","","NA"
"2018-10-01 22:00","2018","10","01","22:00","9.4","","5.9","","78","","9","","13","","24.1","","99.95","","","","","","Cloudy"
"2018-10-01 23:00","2018","10","01","23:00","9.6","","6.7","","82","","5","","10","","24.1","","99.89","","","","","","NA"
"2018-10-02 00:00","2018","10","02","00:00","9.5","","6.8","","83","","7","","14","","24.1","","99.79","","","","","","NA"
"2018-10-02 01:00","2018","10","02","01:00","9.7","","7.0","","83","","6","","11","","24.1","","99.73","","","","","","Cloudy"
"2018-10-02 02:00","2018","10","02","02:00","9.3","","6.9","","85","","6","","18","","24.1","","99.63","","","","","","NA"
"2018-10-02 03:00","2018","10","02","03:00","8.7","","7.5","","92","","2","","11","","9.7","","99.67","","","","","","Rain"
"2018-10-02 04:00","2018","10","02","04:00","8.5","","7.9","","96","","5","","7","","12.9","","99.55","","","","","","Rain"
"2018-10-02 05:00","2018","10","02","05:00","8.6","","8.2","","97","","10","","13","","9.7","","99.46","","","","","","Rain,Fog"
"2018-10-02 06:00","2018","10","02","06:00","8.7","","8.3","","97","","4","","9","","19.3","","99.52","","","","","","NA"
"2018-10-02 07:00","2018","10","02","07:00","8.7","","8.2","","97","","8","","14","","4.8","","99.41","","","","","","Rain,Fog"
"2018-10-02 08:00","2018","10","02","08:00","8.9","","8.4","","97","","10","","9","","19.3","","99.43","","","","","","NA"
"2018-10-02 09:00","2018","10","02","09:00","9.2","","8.7","","97","","6","","14","","24.1","","99.35","","","","","","Rain"
"2018-10-02 10:00","2018","10","02","10:00","9.8","","9.1","","96","","9","","10","","19.3","","99.36","","","","","","Cloudy"
"2018-10-02 11:00","2018","10","02","11:00","10.4","","9.9","","97","","9","","7","","4.8","","99.30","","","","","","Rain,Fog"
"2018-10-02 12:00","2018","10","02","12:00","10.6","","10.3","","98","","4","","5","","1.2","","99.26","","","","","","Heavy Rain,Fog"
"2018-10-02 13:00","2018","10","02","13:00","11.3","","11.0","","98","","10","","11","","4.8","","99.12","","","","","","Fog"
"2018-10-02 14:00","2018","10","02","14:00","11.8","","11.6","","98","","10","","8","","1.6","","99.07","","","","","","Fog"
"2018-10-02 15:00","2018","10","02","15:00","12.1","","11.9","","99","","10","","3","","2.4","","99.07","","","","","","Fog"
"2018-10-02 16:00","2018","10","02","16:00","12.3","","12.1","","99","","35","","9","","2.4","","99.10","","","","","","Drizzle,Fog"
"2018-10-02 17:00","2018","10","02","17:00","11.5","","11.2","","98","","36","","11","","24.1","","99.14","","","","","","NA"
"2018-10-02 18:00","2018","10","02","18:00","11.2","","10.5","","95","","36","","9","","24.1","","99.17","","","","","","NA"
"2018-10-02 19:00","2018","10","02","19:00","11.0","","10.3","","95","","36","","10","","24.1","","99.26","","","","","","Cloudy"
"2018-10-02 20:00","2018","10","02","20:00","10.8","","10.1","","95","","36","","9","","24.1","","99.37","","","","","","NA"
"2018-10-02 21:00","2018","10","02","21:00","10.7","","10.1","","96","","34","","10","","24.1","","99.36","","","","","","NA"
"2018-10-02 22:00","2018","10","02","22:00","10.6","","9.7","","94","","33","","8","","24.1","","99.43","","","","","","Cloudy"
"2018-10-02 23:00","2018","10","02","23:00","10.7","","9.7","","93","","31","","9","","24.1","","99.49","","","","","","NA"
"2018-10-03 00:00","2018","10","03","00:00","10.8","","9.7","","93","","33","","7","","24.1","","99.51","","","","","","NA"
"2018-10-03 01:00","2018","10","03","01:00","10.7","","9.8","","94","","33","","9","","24.1","","99.53","","","","","","Mostly Cloudy"
"2018-10-03 02:00","2018","10","03","02:00","10.7","","9.8","","94","","31","","8","","24.1","","99.54","","","","","","NA"
"2018-10-03 03:00","2018","10","03","03:00","10.7","","10.0","","95","","34","","8","","24.1","","99.52","","","","","","NA"
"2018-10-03 04:00","2018","10","03","04:00","10.6","","9.6","","94","","33","","7","","24.1","","99.55","","","","","","Cloudy"
"2018-10-03 05:00","2018","10","03","05:00","10.5","","9.7","","95","","35","","3","","24.1","","99.56","","","","","","NA"
"2018-10-03 06:00","2018","10","03","06:00","10.5","","9.7","","95","","7","","5","","24.1","","99.55","","","","","","NA"
"2018-10-03 07:00","2018","10","03","07:00","10.6","","9.8","","95","","36","","3","","24.1","","99.59","","","","","","Cloudy"
"2018-10-03 08:00","2018","10","03","08:00","11.2","","9.8","","92","","36","","2","","24.1","","99.64","","","","","","NA"
"2018-10-03 09:00","2018","10","03","09:00","12.1","","10.1","","88","","11","","3","","24.1","","99.64","","","","","","NA"
"2018-10-03 10:00","2018","10","03","10:00","12.8","","9.9","","82","","18","","6","","24.1","","99.70","","","","","","Cloudy"
"2018-10-03 11:00","2018","10","03","11:00","13.2","","10.4","","83","","18","","8","","24.1","","99.64","","","","","","NA"
"2018-10-03 12:00","2018","10","03","12:00","13.8","","11.1","","84","","17","","11","","24.1","","99.57","","","","","","NA"
"2018-10-03 13:00","2018","10","03","13:00","13.8","","11.5","","86","","18","","14","","24.1","","99.53","","","","","","Cloudy"
"2018-10-03 14:00","2018","10","03","14:00","14.7","","11.6","","82","","19","","8","","24.1","","99.51","","","","","","NA"
"2018-10-03 15:00","2018","10","03","15:00","14.8","","11.7","","82","","19","","16","","24.1","","99.38","","","","","","NA"
"2018-10-03 16:00","2018","10","03","16:00","14.5","","12.2","","86","","18","","19","","24.1","","99.28","","","","","","Cloudy"
"2018-10-03 17:00","2018","10","03","17:00","14.6","","12.6","","88","","16","","16","","19.3","","99.22","","","","","","NA"
"2018-10-03 18:00","2018","10","03","18:00","14.5","","12.8","","89","","15","","14","","24.1","","99.15","","","","","","NA"
"2018-10-03 19:00","2018","10","03","19:00","14.5","","13.2","","92","","14","","12","","24.1","","99.08","","","","","","Cloudy"
"2018-10-03 20:00","2018","10","03","20:00","14.8","","13.9","","95","","12","","11","","19.3","","99.04","","","","","","NA"
"2018-10-03 21:00","2018","10","03","21:00","15.1","","14.1","","94","","13","","10","","19.3","","98.94","","","","","","NA"
"2018-10-03 22:00","2018","10","03","22:00","15.4","","14.3","","93","","11","","8","","24.1","","98.84","","","","","","Mostly Cloudy"
"2018-10-03 23:00","2018","10","03","23:00","15.1","","14.4","","95","","10","","4","","19.3","","98.75","","","","","","NA"
"2018-10-04 00:00","2018","10","04","00:00","15.4","","14.6","","95","","12","","7","","24.1","","98.67","","","","","","NA"
"2018-10-04 01:00","2018","10","04","01:00","16.1","","15.5","","96","","15","","8","","19.3","","98.60","","","","","","Mostly Cloudy"
"2018-10-04 02:00","2018","10","04","02:00","18.1","","17.6","","97","","17","","9","","16.1","","98.50","","","","","","NA"
"2018-10-04 03:00","2018","10","04","03:00","19.3","","18.9","","98","","19","","17","","16.1","","98.28","","","","","","NA"
"2018-10-04 04:00","2018","10","04","04:00","20.6","","19.4","","92","","21","","12","","19.3","","98.23","","28","","","","Cloudy"
"2018-10-04 05:00","2018","10","04","05:00","20.9","","20.2","","96","","23","","16","","12.9","","98.23","","29","","","","NA"
"2018-10-04 06:00","2018","10","04","06:00","21.1","","20.3","","95","","22","","14","","16.1","","98.29","","29","","","","NA"
"2018-10-04 07:00","2018","10","04","07:00","21.3","","20.3","","94","","22","","14","","22.5","","98.34","","29","","","","Rain Showers"
"2018-10-04 08:00","2018","10","04","08:00","17.9","","16.1","","89","","34","","33","","22.5","","98.60","","","","","","Rain Showers"
"2018-10-04 09:00","2018","10","04","09:00","17.4","","14.2","","81","","33","","21","","24.1","","98.77","","","","","","NA"
"2018-10-04 10:00","2018","10","04","10:00","17.9","","12.9","","72","","33","","27","","24.1","","98.87","","","","","","Mainly Clear"
"2018-10-04 11:00","2018","10","04","11:00","18.5","","9.4","","55","","31","","25","","24.1","","98.95","","","","","","NA"
"2018-10-04 12:00","2018","10","04","12:00","16.8","","7.7","","55","","34","","39","","24.1","","99.07","","","","","","NA"
"2018-10-04 13:00","2018","10","04","13:00","16.1","","6.8","","54","","33","","37","","24.1","","99.14","","","","","","Clear"
"2018-10-04 14:00","2018","10","04","14:00","15.4","","6.0","","53","","33","","33","","24.1","","99.25","","","","","","NA"
"2018-10-04 15:00","2018","10","04","15:00","14.5","","6.1","","57","","32","","25","","24.1","","99.39","","","","","","NA"
"2018-10-04 16:00","2018","10","04","16:00","13.7","","5.7","","58","","34","","27","","24.1","","99.48","","","","","","Clear"
"2018-10-04 17:00","2018","10","04","17:00","12.4","","4.7","","59","","34","","31","","24.1","","99.57","","","","","","NA"
"2018-10-04 18:00","2018","10","04","18:00","10.6","","3.4","","61","","33","","17","","24.1","","99.70","","","","","","NA"
"2018-10-04 19:00","2018","10","04","19:00","9.7","","4.0","","68","","33","","18","","24.1","","99.78","","","","","","Clear"
"2018-10-04 20:00","2018","10","04","20:00","9.0","","4.1","","71","","34","","15","","24.1","","99.86","","","","","","NA"
"2018-10-04 21:00","2018","10","04","21:00","7.8","","3.5","","74","","35","","7","","24.1","","99.93","","","","","","NA"
"2018-10-04 22:00","2018","10","04","22:00","7.8","","3.6","","75","","35","","16","","24.1","","99.93","","","","","","Clear"
"2018-10-04 23:00","2018","10","04","23:00","6.7","","3.1","","78","","36","","5","","24.1","","99.97","","","","","","NA"
"2018-10-05 00:00","2018","10","05","00:00","5.8","","2.6","","80","","1","","8","","24.1","","100.02","","","","","","NA"
"2018-10-05 01:00","2018","10","05","01:00","5.1","","1.7","","79","","5","","5","","24.1","","100.05","","","","","","Clear"
"2018-10-05 02:00","2018","10","05","02:00","4.1","","1.9","","86","","2","","5","","24.1","","100.05","","","","","","NA"
"2018-10-05 03:00","2018","10","05","03:00","3.7","","1.5","","85","","3","","8","","24.1","","100.04","","","","","","NA"
"2018-10-05 04:00","2018","10","05","04:00","3.9","","1.7","","86","","5","","7","","24.1","","100.05","","","","","","Clear"
"2018-10-05 05:00","2018","10","05","05:00","3.5","","1.0","","84","","4","","8","","24.1","","100.09","","","","","","NA"
"2018-10-05 06:00","2018","10","05","06:00","3.0","","0.4","","83","","4","","8","","24.1","","100.14","","","","","","NA"
"2018-10-05 07:00","2018","10","05","07:00","4.3","","0.5","","76","","7","","6","","24.1","","100.14","","","","","","Mostly Cloudy"
"2018-10-05 08:00","2018","10","05","08:00","6.9","","0.5","","64","","7","","15","","24.1","","100.17","","","","","","NA"
"2018-10-05 09:00","2018","10","05","09:00","7.6","","1.5","","65","","10","","21","","24.1","","100.18","","","","","","NA"
"2018-10-05 10:00","2018","10","05","10:00","8.8","","3.2","","68","","10","","16","","24.1","","100.15","","","","","","Cloudy"
"2018-10-05 11:00","2018","10","05","11:00","9.3","","4.1","","70","","12","","21","","24.1","","100.05","","","","","","NA"
"2018-10-05 12:00","2018","10","05","12:00","10.1","","4.3","","67","","9","","21","","24.1","","100.02","","","","","","NA"
"2018-10-05 13:00","2018","10","05","13:00","10.5","","4.2","","65","","10","","16","","24.1","","99.97","","","","","","Cloudy"
"2018-10-05 14:00","2018","10","05","14:00","10.1","","3.4","","63","","12","","17","","24.1","","99.85","","","","","","NA"
"2018-10-05 15:00","2018","10","05","15:00","9.9","","2.3","","59","","9","","17","","24.1","","99.72","","","","","","NA"
"2018-10-05 16:00","2018","10","05","16:00","10.6","","1.2","","52","","9","","13","","24.1","","99.70","","","","","","Cloudy"
"2018-10-05 17:00","2018","10","05","17:00","10.1","","1.4","","54","","8","","14","","24.1","","99.69","","","","","","NA"
"2018-10-05 18:00","2018","10","05","18:00","9.8","","1.7","","57","","7","","11","","24.1","","99.73","","","","","","NA"
"2018-10-05 19:00","2018","10","05","19:00","9.4","","1.2","","56","","6","","13","","24.1","","99.80","","","","","","Cloudy"
"2018-10-05 20:00","2018","10","05","20:00","9.2","","1.4","","58","","11","","16","","24.1","","99.69","","","","","","NA"
"2018-10-05 21:00","2018","10","05","21:00","9.1","","2.0","","61","","8","","10","","24.1","","99.71","","","","","","NA"
"2018-10-05 22:00","2018","10","05","22:00","9.3","","2.9","","64","","8","","9","","24.1","","99.69","","","","","","Cloudy"
"2018-10-05 23:00","2018","10","05","23:00","9.2","","3.3","","67","","9","","11","","24.1","","99.61","","","","","","NA"
"2018-10-06 00:00","2018","10","06","00:00","9.2","","4.0","","70","","5","","9","","24.1","","99.56","","","","","","NA"
"2018-10-06 01:00","2018","10","06","01:00","9.4","","4.4","","70","","8","","9","","24.1","","99.55","","","","","","Cloudy"
"2018-10-06 02:00","2018","10","06","02:00","9.6","","5.1","","73","","8","","10","","24.1","","99.47","","","","","","NA"
"2018-10-06 03:00","2018","10","06","03:00","9.4","","5.0","","74","","8","","9","","22.5","","99.40","","","","","","NA"
"2018-10-06 04:00","2018","10","06","04:00","9.2","","5.0","","75","","9","","9","","20.9","","99.44","","","","","","Drizzle"
"2018-10-06 05:00","2018","10","06","05:00","9.3","","5.4","","76","","9","","10","","24.1","","99.41","","","","","","NA"
"2018-10-06 06:00","2018","10","06","06:00","9.1","","6.4","","83","","5","","7","","22.5","","99.44","","","","","","Rain"
"2018-10-06 07:00","2018","10","06","07:00","8.7","","7.2","","90","","7","","12","","24.1","","99.42","","","","","","Rain"
"2018-10-06 08:00","2018","10","06","08:00","9.0","","7.8","","92","","9","","11","","24.1","","99.32","","","","","","NA"
"2018-10-06 09:00","2018","10","06","09:00","9.8","","8.8","","93","","10","","4","","19.3","","99.40","","","","","","NA"
"2018-10-06 10:00","2018","10","06","10:00","10.3","","9.3","","93","","8","","9","","9.7","","99.38","","","","","","Drizzle"
"2018-10-06 11:00","2018","10","06","11:00","11.0","","10.1","","94","","13","","8","","9.7","","99.37","","","","","","Fog"
"2018-10-06 12:00","2018","10","06","12:00","11.5","","10.7","","95","","16","","4","","8.1","","99.37","","","","","","Drizzle,Fog"
"2018-10-06 13:00","2018","10","06","13:00","12.5","","11.8","","95","","16","","9","","8.1","","99.22","","","","","","Rain,Fog"
"2018-10-06 14:00","2018","10","06","14:00","13.7","","12.9","","95","","16","","9","","4.0","","99.16","","","","","","Rain,Fog"
"2018-10-06 15:00","2018","10","06","15:00","14.4","","13.8","","96","","16","","7","","2.4","","99.17","","","","","","Fog"
"2018-10-06 16:00","2018","10","06","16:00","14.4","","13.9","","97","","36","","1","","2.0","","99.15","","","","","","Fog"
"2018-10-06 17:00","2018","10","06","17:00","15.1","","14.5","","96","","36","","7","","3.6","","99.18","","","","","","Fog"
"2018-10-06 18:00","2018","10","06","18:00","14.4","","13.9","","97","","36","","2","","4.0","","99.22","","","","","","Fog"
"2018-10-06 19:00","2018","10","06","19:00","14.3","","14.1","","98","","7","","6","","4.8","","99.26","","","","","","Fog"
"2018-10-06 20:00","2018","10","06","20:00","14.5","","14.2","","98","","1","","13","","6.4","","99.36","","","","","","Fog"
"2018-10-06 21:00","2018","10","06","21:00","15.0","","14.6","","97","","2","","3","","8.1","","99.39","","","","","","Fog"
"2018-10-06 22:00","2018","10","06","22:00","16.0","","15.3","","96","","35","","12","","8.1","","99.43","","","","","","Fog"
"2018-10-06 23:00","2018","10","06","23:00","15.7","","13.8","","89","","34","","12","","16.1","","99.47","","","","","","NA"
"2018-10-07 00:00","2018","10","07","00:00","14.5","","12.9","","90","","35","","10","","19.3","","99.52","","","","","","NA"
"2018-10-07 01:00","2018","10","07","01:00","14.1","","12.8","","92","","34","","13","","16.1","","99.55","","","","","","Rain Showers"
"2018-10-07 02:00","2018","10","07","02:00","13.3","","12.8","","97","","34","","13","","9.7","","99.58","","","","","","Rain Showers,Fog"
"2018-10-07 03:00","2018","10","07","03:00","13.0","","12.3","","96","","34","","15","","19.3","","99.59","","","","","","NA"
"2018-10-07 04:00","2018","10","07","04:00","12.9","","12.3","","96","","34","","16","","24.1","","99.68","","","","","","Cloudy"
"2018-10-07 05:00","2018","10","07","05:00","12.9","","12.4","","96","","34","","6","","19.3","","99.77","","","","","","NA"
"2018-10-07 06:00","2018","10","07","06:00","13.0","","12.5","","97","","32","","8","","24.1","","99.87","","","","","","NA"
"2018-10-07 07:00","2018","10","07","07:00","13.0","","12.3","","96","","36","","7","","24.1","","99.89","","","","","","Cloudy"
"2018-10-07 08:00","2018","10","07","08:00","13.2","","12.6","","96","","36","","14","","24.1","","99.99","","","","","","NA"
"2018-10-07 09:00","2018","10","07","09:00","13.5","","12.7","","95","","1","","13","","24.1","","100.07","","","","","","NA"
"2018-10-07 10:00","2018","10","07","10:00","13.2","","12.7","","97","","3","","12","","2.0","","100.13","","","","","","Drizzle,Fog"
"2018-10-07 11:00","2018","10","07","11:00","12.9","","12.5","","98","","5","","12","","3.6","","100.17","","","","","","Drizzle,Fog"
"2018-10-07 12:00","2018","10","07","12:00","13.3","","12.7","","96","","7","","8","","24.1","","100.14","","","","","","NA"
"2018-10-07 13:00","2018","10","07","13:00","13.0","","11.9","","93","","7","","11","","24.1","","100.13","","","","","","Cloudy"
"2018-10-07 14:00","2018","10","07","14:00","12.7","","11.7","","93","","7","","10","","24.1","","100.16","","","","","","NA"
"2018-10-07 15:00","2018","10","07","15:00","12.7","","11.6","","93","","14","","7","","24.1","","100.19","","","","","","NA"
"2018-10-07 16:00","2018","10","07","16:00","12.3","","11.6","","96","","8","","8","","3.2","","100.25","","","","","","Drizzle,Fog"
"2018-10-07 17:00","2018","10","07","17:00","12.1","","11.5","","96","","9","","10","","8.1","","100.27","","","","","","Drizzle,Fog"
"2018-10-07 18:00","2018","10","07","18:00","11.9","","11.3","","96","","5","","13","","9.7","","100.28","","","","","","Fog"
"2018-10-07 19:00","2018","10","07","19:00","11.9","","10.9","","94","","6","","8","","11.3","","100.33","","","","","","Cloudy"
"2018-10-07 20:00","2018","10","07","20:00","11.7","","10.9","","95","","8","","9","","12.9","","100.38","","","","","","Rain"
"2018-10-07 21:00","2018","10","07","21:00","11.5","","10.2","","91","","9","","10","","19.3","","100.38","","","","","","NA"
"2018-10-07 22:00","2018","10","07","22:00","11.2","","9.6","","90","","9","","11","","24.1","","100.38","","","","","","Cloudy"
"2018-10-07 23:00","2018","10","07","23:00","10.7","","8.5","","86","","8","","14","","24.1","","100.45","","","","","","NA"
"2018-10-08 00:00","2018","10","08","00:00","10.3","","8.0","","86","","8","","13","","24.1","","100.41","","","","","","NA"
"2018-10-08 01:00","2018","10","08","01:00","10.0","","8.1","","88","","6","","13","","24.1","","100.43","","","","","","Cloudy"
"2018-10-08 02:00","2018","10","08","02:00","9.4","","7.4","","87","","8","","10","","24.1","","100.39","","","","","","NA"
"2018-10-08 03:00","2018","10","08","03:00","9.2","","7.2","","87","","9","","14","","24.1","","100.37","","","","","","NA"
"2018-10-08 04:00","2018","10","08","04:00","9.1","","7.1","","87","","8","","16","","24.1","","100.34","","","","","","Cloudy"
"2018-10-08 05:00","2018","10","08","05:00","9.0","","7.1","","87","","10","","12","","24.1","","100.40","","","","","","NA"
"2018-10-08 06:00","2018","10","08","06:00","9.0","","7.0","","88","","9","","17","","24.1","","100.35","","","","","","NA"
"2018-10-08 07:00","2018","10","08","07:00","9.0","","7.2","","88","","8","","10","","24.1","","100.37","","","","","","Cloudy"
"2018-10-08 08:00","2018","10","08","08:00","9.1","","7.5","","90","","10","","12","","24.1","","100.34","","","","","","NA"
"2018-10-08 09:00","2018","10","08","09:00","9.4","","8.0","","91","","10","","14","","24.1","","100.31","","","","","","NA"
"2018-10-08 10:00","2018","10","08","10:00","11.1","","9.7","","91","","12","","12","","19.3","","100.27","","","","","","Cloudy"
"2018-10-08 11:00","2018","10","08","11:00","11.1","","10.5","","96","","11","","22","","19.3","","100.22","","","","","","Thunderstorms"
"2018-10-08 12:00","2018","10","08","12:00","11.7","","11.0","","95","","12","","21","","9.7","","100.16","","","","","","Fog"
"2018-10-08 13:00","2018","10","08","13:00","12.0","","11.5","","97","","13","","13","","3.2","","100.06","","","","","","Drizzle,Fog"
"2018-10-08 14:00","2018","10","08","14:00","12.3","","11.8","","96","","13","","12","","2.0","","100.02","","","","","","Fog"
"2018-10-08 15:00","2018","10","08","15:00","12.9","","12.4","","97","","14","","13","","1.0","","99.98","","","","","","Fog"
"2018-10-08 16:00","2018","10","08","16:00","12.9","","12.6","","98","","9","","8","","0.8","","99.93","","","","","","Fog"
"2018-10-08 17:00","2018","10","08","17:00","13.0","","12.8","","99","","12","","8","","0.4","","99.92","","","","","","Fog"
"2018-10-08 18:00","2018","10","08","18:00","12.9","","12.8","","99","","15","","11","","0.4","","99.92","","","","","","Fog"
"2018-10-08 19:00","2018","10","08","19:00","13.0","","12.9","","99","","13","","7","","0.4","","99.90","","","","","","Fog"
"2018-10-08 20:00","2018","10","08","20:00","13.3","","13.2","","99","","15","","8","","0.6","","99.89","","","","","","Fog"
"2018-10-08 21:00","2018","10","08","21:00","13.4","","13.3","","99","","15","","7","","2.8","","99.88","","","","","","Fog"
"2018-10-08 22:00","2018","10","08","22:00","13.5","","13.4","","99","","15","","5","","2.4","","99.83","","","","","","Fog"
"2018-10-08 23:00","2018","10","08","23:00","13.7","","13.6","","100","","22","","3","","0.2","","99.82","","","","","","Fog"
"2018-10-09 00:00","2018","10","09","00:00","13.6","","13.5","","100","","36","","2","","0.2","","99.80","","","","","","Fog"
"2018-10-09 01:00","2018","10","09","01:00","13.7","","13.7","","100","","18","","4","","0.2","","99.77","","","","","","Fog"
"2018-10-09 02:00","2018","10","09","02:00","13.7","","13.6","","100","","18","","3","","0.0","","99.75","","","","","","Fog"
"2018-10-09 03:00","2018","10","09","03:00","13.4","","13.4","","100","","36","","3","","0.2","","99.75","","","","","","Fog"
"2018-10-09 04:00","2018","10","09","04:00","13.4","","13.3","","100","","36","","2","","0.2","","99.76","","","","","","Fog"
"2018-10-09 05:00","2018","10","09","05:00","13.2","","13.2","","100","","34","","5","","0.4","","99.78","","","","","","Fog"
"2018-10-09 06:00","2018","10","09","06:00","13.4","","13.4","","100","","36","","2","","0.8","","99.80","","","","","","Fog"
"2018-10-09 07:00","2018","10","09","07:00","14.0","","14.0","","100","","21","","3","","8.1","","99.81","","","","","","Fog"
"2018-10-09 08:00","2018","10","09","08:00","16.0","","16.0","","100","","36","","2","","9.7","","99.82","","","","","","Fog"
"2018-10-09 09:00","2018","10","09","09:00","18.7","","18.7","","100","","21","","9","","16.1","","99.80","","","","","","NA"
"2018-10-09 10:00","2018","10","09","10:00","22.8","","19.7","","82","","20","","11","","19.3","","99.75","","30","","","","Mainly Clear"
"2018-10-09 11:00","2018","10","09","11:00","25.2","","20.7","","76","","21","","13","","24.1","","99.70","","33","","","","NA"
"2018-10-09 12:00","2018","10","09","12:00","27.1","","21.1","","69","","23","","12","","24.1","","99.67","","36","","","","NA"
"2018-10-09 13:00","2018","10","09","13:00","26.9","","20.9","","69","","16","","13","","24.1","","99.59","","35","","","","Mainly Clear"
"2018-10-09 14:00","2018","10","09","14:00","27.9","","21.2","","67","","17","","17","","24.1","","99.53","","36","","","","NA"
"2018-10-09 15:00","2018","10","09","15:00","27.8","","20.8","","65","","17","","18","","24.1","","99.50","","36","","","","NA"
"2018-10-09 16:00","2018","10","09","16:00","27.2","","20.6","","67","","18","","14","","24.1","","99.47","","35","","","","Mainly Clear"
"2018-10-09 17:00","2018","10","09","17:00","25.9","","20.2","","70","","18","","16","","24.1","","99.46","","34","","","","NA"
"2018-10-09 18:00","2018","10","09","18:00","24.0","","19.7","","77","","19","","14","","24.1","","99.46","","31","","","","NA"
"2018-10-09 19:00","2018","10","09","19:00","22.7","","19.5","","82","","19","","11","","24.1","","99.47","","30","","","","Clear"
"2018-10-09 20:00","2018","10","09","20:00","22.3","","19.4","","83","","20","","8","","24.1","","99.45","","29","","","","NA"
"2018-10-09 21:00","2018","10","09","21:00","22.1","","19.3","","84","","22","","7","","24.1","","99.44","","29","","","","NA"
"2018-10-09 22:00","2018","10","09","22:00","20.6","","18.6","","88","","18","","3","","24.1","","99.43","","27","","","","Clear"
"2018-10-09 23:00","2018","10","09","23:00","20.1","","18.6","","91","","18","","6","","24.1","","99.41","","27","","","","NA"
"2018-10-10 00:00","2018","10","10","00:00","17.9","","17.4","","96","","36","","2","","24.1","","99.37","","","","","","NA"
"2018-10-10 01:00","2018","10","10","01:00","18.4","","18.2","","98","","18","","7","","24.1","","99.33","","","","","","Clear"
"2018-10-10 02:00","2018","10","10","02:00","18.3","","17.6","","96","","18","","7","","24.1","","99.30","","","","","","NA"
"2018-10-10 03:00","2018","10","10","03:00","17.8","","17.1","","96","","19","","5","","24.1","","99.26","","","","","","NA"
"2018-10-10 04:00","2018","10","10","04:00","18.0","","17.5","","97","","18","","8","","24.1","","99.25","","","","","","Clear"
"2018-10-10 05:00","2018","10","10","05:00","17.8","","17.2","","97","","17","","5","","24.1","","99.25","","","","","","NA"
"2018-10-10 06:00","2018","10","10","06:00","18.3","","17.4","","94","","17","","5","","24.1","","99.22","","","","","","NA"
"2018-10-10 07:00","2018","10","10","07:00","19.4","","17.9","","91","","15","","7","","24.1","","99.21","","","","","","Mostly Cloudy"
"2018-10-10 08:00","2018","10","10","08:00","20.8","","18.0","","84","","18","","11","","24.1","","99.19","","27","","","","NA"
"2018-10-10 09:00","2018","10","10","09:00","22.3","","17.9","","76","","21","","12","","24.1","","99.14","","28","","","","NA"
"2018-10-10 10:00","2018","10","10","10:00","24.2","","18.6","","71","","20","","15","","24.1","","99.07","","31","","","","Mainly Clear"
"2018-10-10 11:00","2018","10","10","11:00","25.3","","18.7","","66","","19","","17","","24.1","","98.98","","32","","","","NA"
"2018-10-10 12:00","2018","10","10","12:00","25.7","","18.8","","65","","18","","17","","24.1","","98.89","","32","","","","NA"
"2018-10-10 13:00","2018","10","10","13:00","25.9","","18.9","","65","","19","","22","","24.1","","98.82","","33","","","","Mostly Cloudy"
"2018-10-10 14:00","2018","10","10","14:00","27.1","","19.2","","61","","19","","18","","24.1","","98.72","","34","","","","NA"
"2018-10-10 15:00","2018","10","10","15:00","26.5","","18.5","","61","","19","","24","","24.1","","98.69","","33","","","","NA"
"2018-10-10 16:00","2018","10","10","16:00","26.1","","18.2","","61","","18","","21","","24.1","","98.60","","32","","","","Mainly Clear"
"2018-10-10 17:00","2018","10","10","17:00","24.7","","18.1","","66","","18","","14","","24.1","","98.53","","31","","","","NA"
"2018-10-10 18:00","2018","10","10","18:00","21.7","","17.9","","78","","13","","12","","24.1","","98.50","","28","","","","NA"
"2018-10-10 19:00","2018","10","10","19:00","20.3","","17.6","","84","","13","","12","","24.1","","98.45","","26","","","","Mostly Cloudy"
"2018-10-10 20:00","2018","10","10","20:00","19.7","","17.6","","88","","12","","9","","24.1","","98.34","","","","","","NA"
"2018-10-10 21:00","2018","10","10","21:00","20.4","","17.8","","84","","13","","11","","24.1","","98.27","","26","","","","NA"
"2018-10-10 22:00","2018","10","10","22:00","20.8","","17.9","","83","","15","","7","","24.1","","98.18","","27","","","","Mostly Cloudy"
"2018-10-10 23:00","2018","10","10","23:00","20.9","","19.0","","88","","19","","19","","24.1","","98.12","","28","","","","Rain"
"2018-10-11 00:00","2018","10","11","00:00","20.8","","19.2","","91","","19","","17","","24.1","","98.04","","28","","","","Rain"
"2018-10-11 01:00","2018","10","11","01:00","21.1","","18.9","","87","","18","","14","","24.1","","97.99","","28","","","","Cloudy"
"2018-10-11 02:00","2018","10","11","02:00","20.9","","19.2","","90","","20","","17","","24.1","","97.94","","28","","","","NA"
"2018-10-11 03:00","2018","10","11","03:00","20.8","","19.4","","92","","20","","13","","24.1","","97.88","","28","","","","NA"
"2018-10-11 04:00","2018","10","11","04:00","21.4","","19.2","","87","","23","","14","","24.1","","97.88","","28","","","","Mostly Cloudy"
"2018-10-11 05:00","2018","10","11","05:00","21.1","","18.9","","87","","22","","8","","24.1","","97.85","","28","","","","NA"
"2018-10-11 06:00","2018","10","11","06:00","20.8","","19.2","","91","","21","","11","","24.1","","97.87","","28","","","","NA"
"2018-10-11 07:00","2018","10","11","07:00","20.9","","19.0","","89","","23","","12","","24.1","","97.86","","28","","","","Mostly Cloudy"
"2018-10-11 08:00","2018","10","11","08:00","21.3","","17.8","","80","","25","","10","","24.1","","97.91","","27","","","","NA"
"2018-10-11 09:00","2018","10","11","09:00","21.2","","16.1","","73","","25","","20","","24.1","","97.88","","26","","","","NA"
"2018-10-11 10:00","2018","10","11","10:00","21.8","","14.5","","63","","25","","19","","24.1","","97.88","","25","","","","Mostly Cloudy"
"2018-10-11 11:00","2018","10","11","11:00","20.4","","12.7","","61","","26","","20","","24.1","","97.93","","","","","","NA"
"2018-10-11 12:00","2018","10","11","12:00","18.6","","11.2","","62","","25","","16","","24.1","","97.98","","","","","","NA"
"2018-10-11 13:00","2018","10","11","13:00","17.4","","9.8","","60","","27","","22","","24.1","","97.99","","","","","","Mostly Cloudy"
"2018-10-11 14:00","2018","10","11","14:00","16.6","","9.1","","61","","27","","14","","24.1","","98.00","","","","","","NA"
"2018-10-11 15:00","2018","10","11","15:00","15.2","","7.8","","61","","30","","16","","24.1","","98.05","","","","","","NA"
"2018-10-11 16:00","2018","10","11","16:00","14.1","","6.3","","59","","28","","31","","24.1","","98.11","","","","","","Mostly Cloudy"
"2018-10-11 17:00","2018","10","11","17:00","13.2","","6.2","","62","","29","","13","","24.1","","98.17","","","","","","NA"
"2018-10-11 18:00","2018","10","11","18:00","12.7","","5.9","","63","","28","","21","","24.1","","98.22","","","","","","NA"
"2018-10-11 19:00","2018","10","11","19:00","12.2","","5.1","","62","","28","","19","","24.1","","98.26","","","","","","Cloudy"
"2018-10-11 20:00","2018","10","11","20:00","11.7","","4.5","","61","","30","","26","","24.1","","98.29","","","","","","NA"
"2018-10-11 21:00","2018","10","11","21:00","11.0","","3.0","","58","","27","","18","","24.1","","98.35","","","","","","NA"
"2018-10-11 22:00","2018","10","11","22:00","10.6","","3.8","","62","","29","","16","","24.1","","98.36","","","","","","Cloudy"
"2018-10-11 23:00","2018","10","11","23:00","9.5","","3.4","","65","","28","","23","","24.1","","98.42","","","","","","NA"
"2018-10-12 00:00","2018","10","12","00:00","8.1","","2.2","","66","","30","","16","","24.1","","98.44","","","","","","NA"
"2018-10-12 01:00","2018","10","12","01:00","7.3","","2.1","","69","","28","","15","","24.1","","98.43","","","","","","Mainly Clear"
"2018-10-12 02:00","2018","10","12","02:00","6.5","","1.9","","72","","28","","8","","24.1","","98.45","","","","","","NA"
"2018-10-12 03:00","2018","10","12","03:00","6.2","","1.6","","73","","27","","11","","24.1","","98.48","","","","","","NA"
"2018-10-12 04:00","2018","10","12","04:00","6.1","","1.6","","73","","28","","16","","24.1","","98.52","","","","","","Mostly Cloudy"
"2018-10-12 05:00","2018","10","12","05:00","6.1","","1.3","","71","","28","","17","","24.1","","98.57","","","","","","NA"
"2018-10-12 06:00","2018","10","12","06:00","5.6","","1.3","","74","","27","","12","","24.1","","98.62","","","","","","NA"
"2018-10-12 07:00","2018","10","12","07:00","5.8","","1.5","","74","","26","","16","","24.1","","98.66","","","","","","Mainly Clear"
"2018-10-12 08:00","2018","10","12","08:00","6.8","","1.5","","69","","28","","17","","24.1","","98.65","","","","","","NA"
"2018-10-12 09:00","2018","10","12","09:00","7.8","","0.4","","59","","29","","25","","24.1","","98.62","","","","","","NA"
"2018-10-12 10:00","2018","10","12","10:00","9.1","","-0.2","","52","","27","","22","","24.1","","98.63","","","","","","Mainly Clear"
"2018-10-12 11:00","2018","10","12","11:00","9.5","","-0.4","","50","","28","","26","","24.1","","98.59","","","","","","NA"
"2018-10-12 12:00","2018","10","12","12:00","9.6","","-0.5","","49","","28","","23","","24.1","","98.57","","","","","","NA"
"2018-10-12 13:00","2018","10","12","13:00","10.4","","0.2","","49","","29","","19","","24.1","","98.51","","","","","","Mostly Cloudy"
"2018-10-12 14:00","2018","10","12","14:00","9.7","","-0.3","","49","","28","","18","","24.1","","98.45","","","","","","NA"
"2018-10-12 15:00","2018","10","12","15:00","9.6","","-0.8","","48","","30","","18","","24.1","","98.46","","","","","","NA"
"2018-10-12 16:00","2018","10","12","16:00","10.0","","-0.8","","47","","31","","15","","24.1","","98.46","","","","","","Mostly Cloudy"
"2018-10-12 17:00","2018","10","12","17:00","8.5","","-1.0","","51","","28","","17","","24.1","","98.46","","","","","","NA"
"2018-10-12 18:00","2018","10","12","18:00","7.7","","-0.7","","55","","28","","13","","24.1","","98.51","","","","","","NA"
"2018-10-12 19:00","2018","10","12","19:00","7.2","","-1.1","","55","","29","","14","","24.1","","98.55","","","","","","Cloudy"
"2018-10-12 20:00","2018","10","12","20:00","6.7","","0.2","","63","","27","","10","","24.1","","98.56","","","","","","Rain"
"2018-10-12 21:00","2018","10","12","21:00","6.2","","1.6","","72","","25","","10","","19.3","","98.57","","","","","","Rain"
"2018-10-12 22:00","2018","10","12","22:00","6.2","","2.7","","78","","25","","7","","19.3","","98.55","","","","","","Rain"
"2018-10-12 23:00","2018","10","12","23:00","6.0","","3.1","","82","","25","","11","","24.1","","98.51","","","","","","Rain"
"2018-10-13 00:00","2018","10","13","00:00","5.3","","3.5","","88","","28","","10","","12.9","","98.51","","","","","","Rain"
"2018-10-13 01:00","2018","10","13","01:00","4.9","","3.4","","90","","27","","7","","16.1","","98.48","","","","","","Rain"
"2018-10-13 02:00","2018","10","13","02:00","5.1","","3.7","","90","","25","","7","","19.3","","98.48","","","","","","Rain"
"2018-10-13 03:00","2018","10","13","03:00","5.1","","3.7","","91","","24","","8","","19.3","","98.49","","","","","","NA"
"2018-10-13 04:00","2018","10","13","04:00","5.1","","3.9","","92","","25","","8","","24.1","","98.52","","","","","","Cloudy"
"2018-10-13 05:00","2018","10","13","05:00","5.2","","3.7","","90","","27","","6","","24.1","","98.59","","","","","","NA"
"2018-10-13 06:00","2018","10","13","06:00","5.3","","3.5","","88","","25","","8","","24.1","","98.66","","","","","","NA"
"2018-10-13 07:00","2018","10","13","07:00","5.1","","3.4","","89","","28","","5","","24.1","","98.74","","","","","","Mostly Cloudy"
"2018-10-13 08:00","2018","10","13","08:00","5.9","","3.6","","85","","25","","9","","24.1","","98.80","","","","","","NA"
"2018-10-13 09:00","2018","10","13","09:00","6.5","","2.4","","75","","28","","13","","24.1","","98.85","","","","","","NA"
"2018-10-13 10:00","2018","10","13","10:00","7.6","","1.2","","64","","28","","18","","24.1","","98.87","","","","","","Mostly Cloudy"
"2018-10-13 11:00","2018","10","13","11:00","8.1","","0.8","","60","","29","","16","","24.1","","98.95","","","","","","NA"
"2018-10-13 12:00","2018","10","13","12:00","8.4","","0.2","","56","","31","","16","","24.1","","98.99","","","","","","NA"
"2018-10-13 13:00","2018","10","13","13:00","8.8","","-1.2","","50","","27","","20","","24.1","","98.96","","","","","","Mostly Cloudy"
"2018-10-13 14:00","2018","10","13","14:00","9.6","","0.0","","51","","26","","10","","24.1","","98.96","","","","","","NA"
"2018-10-13 15:00","2018","10","13","15:00","9.4","","0.0","","52","","28","","15","","24.1","","99.02","","","","","","NA"
"2018-10-13 16:00","2018","10","13","16:00","8.8","","0.6","","56","","26","","17","","24.1","","99.05","","","","","","Mostly Cloudy"
"2018-10-13 17:00","2018","10","13","17:00","8.5","","-0.5","","53","","29","","13","","24.1","","99.11","","","","","","NA"
"2018-10-13 18:00","2018","10","13","18:00","8.0","","-0.4","","55","","28","","9","","24.1","","99.21","","","","","","NA"
"2018-10-13 19:00","2018","10","13","19:00","7.7","","0.2","","59","","29","","7","","24.1","","99.26","","","","","","Mostly Cloudy"
"2018-10-13 20:00","2018","10","13","20:00","6.5","","0.7","","66","","29","","11","","24.1","","99.30","","","","","","NA"
"2018-10-13 21:00","2018","10","13","21:00","5.3","","0.6","","72","","29","","7","","24.1","","99.36","","","","","","NA"
"2018-10-13 22:00","2018","10","13","22:00","4.3","","0.6","","77","","26","","4","","24.1","","99.40","","","","","","Clear"
"2018-10-13 23:00","2018","10","13","23:00","3.9","","0.6","","79","","27","","5","","24.1","","99.45","","","","","","NA"
"2018-10-14 00:00","2018","10","14","00:00","2.8","","0.2","","83","","0","","1","","24.1","","99.48","","","","","","NA"
"2018-10-14 01:00","2018","10","14","01:00","0.9","","-0.7","","89","","1","","3","","24.1","","99.49","","","","","","Clear"
"2018-10-14 02:00","2018","10","14","02:00","1.7","","0.4","","91","","0","","1","","24.1","","99.53","","","","","","NA"
"2018-10-14 03:00","2018","10","14","03:00","0.8","","-0.2","","93","","36","","2","","24.1","","99.55","","","","","","NA"
"2018-10-14 04:00","2018","10","14","04:00","0.9","","-0.1","","93","","36","","2","","24.1","","99.55","","","","","","Mainly Clear"
"2018-10-14 05:00","2018","10","14","05:00","0.4","","-0.6","","93","","0","","1","","24.1","","99.55","","","","","","NA"
"2018-10-14 06:00","2018","10","14","06:00","1.0","","0.0","","93","","36","","2","","24.1","","99.59","","","","","","NA"
"2018-10-14 07:00","2018","10","14","07:00","1.4","","0.3","","92","","36","","3","","24.1","","99.62","","","","","","Mostly Cloudy"
"2018-10-14 08:00","2018","10","14","08:00","4.4","","1.7","","82","","9","","3","","24.1","","99.64","","","","","","NA"
"2018-10-14 09:00","2018","10","14","09:00","8.1","","3.7","","74","","20","","4","","24.1","","99.70","","","","","","NA"
"2018-10-14 10:00","2018","10","14","10:00","11.8","","3.0","","55","","23","","12","","24.1","","99.70","","","","","","Mainly Clear"
"2018-10-14 11:00","2018","10","14","11:00","13.1","","2.5","","49","","21","","21","","24.1","","99.67","","","","","","NA"
"2018-10-14 12:00","2018","10","14","12:00","13.9","","3.4","","49","","19","","18","","24.1","","99.61","","","","","","NA"
"2018-10-14 13:00","2018","10","14","13:00","14.5","","3.8","","48","","21","","18","","24.1","","99.53","","","","","","Clear"
"2018-10-14 14:00","2018","10","14","14:00","14.4","","4.6","","52","","21","","18","","24.1","","99.50","","","","","","NA"
"2018-10-14 15:00","2018","10","14","15:00","14.2","","5.3","","55","","18","","18","","24.1","","99.50","","","","","","NA"
"2018-10-14 16:00","2018","10","14","16:00","14.1","","5.7","","57","","20","","18","","24.1","","99.48","","","","","","Clear"
"2018-10-14 17:00","2018","10","14","17:00","12.8","","5.7","","62","","19","","14","","24.1","","99.47","","","","","","NA"
"2018-10-14 18:00","2018","10","14","18:00","11.6","","5.6","","67","","17","","10","","24.1","","99.47","","","","","","NA"
"2018-10-14 19:00","2018","10","14","19:00","10.1","","5.6","","73","","15","","7","","24.1","","99.50","","","","","","Mainly Clear"
"2018-10-14 20:00","2018","10","14","20:00","8.6","","5.5","","81","","36","","2","","24.1","","99.49","","","","","","NA"
"2018-10-14 21:00","2018","10","14","21:00","7.3","","5.3","","88","","2","","3","","24.1","","99.47","","","","","","NA"
"2018-10-14 22:00","2018","10","14","22:00","5.8","","4.5","","91","","1","","4","","24.1","","99.45","","","","","","Mainly Clear"
"2018-10-14 23:00","2018","10","14","23:00","5.0","","3.7","","91","","3","","3","","22.5","","99.37","","","","","","NA"
"2018-10-15 00:00","2018","10","15","00:00","5.2","","3.9","","92","","36","","3","","24.1","","99.31","","","","","","NA"
"2018-10-15 01:00","2018","10","15","01:00","4.8","","3.8","","93","","36","","5","","20.9","","99.25","","","","","","Mostly Cloudy"
"2018-10-15 02:00","2018","10","15","02:00","5.1","","4.2","","94","","36","","5","","19.3","","99.21","","","","","","NA"
"2018-10-15 03:00","2018","10","15","03:00","6.3","","5.7","","96","","36","","3","","14.5","","99.11","","","","","","NA"
"2018-10-15 04:00","2018","10","15","04:00","7.2","","6.7","","97","","3","","3","","9.7","","98.96","","","","","","Fog"
"2018-10-15 05:00","2018","10","15","05:00","7.8","","7.3","","96","","3","","4","","12.9","","98.90","","","","","","Rain Showers"
"2018-10-15 06:00","2018","10","15","06:00","8.6","","8.1","","97","","10","","4","","14.5","","98.83","","","","","","NA"
"2018-10-15 07:00","2018","10","15","07:00","9.1","","8.5","","96","","1","","5","","4.8","","98.80","","","","","","Rain,Fog"
"2018-10-15 08:00","2018","10","15","08:00","9.7","","9.4","","98","","12","","4","","2.0","","98.71","","","","","","Rain,Fog"
"2018-10-15 09:00","2018","10","15","09:00","10.6","","10.4","","98","","12","","5","","1.2","","98.60","","","","","","Rain,Fog"
"2018-10-15 10:00","2018","10","15","10:00","11.8","","11.6","","99","","18","","8","","1.6","","98.51","","","","","","Rain,Fog"
"2018-10-15 11:00","2018","10","15","11:00","11.6","","11.3","","98","","26","","14","","12.9","","98.48","","","","","","NA"
"2018-10-15 12:00","2018","10","15","12:00","11.7","","10.6","","93","","25","","14","","16.1","","98.47","","","","","","NA"
"2018-10-15 13:00","2018","10","15","13:00","12.8","","9.8","","82","","24","","27","","19.3","","98.43","","","","","","Cloudy"
"2018-10-15 14:00","2018","10","15","14:00","12.0","","7.2","","72","","28","","23","","24.1","","98.47","","","","","","NA"
"2018-10-15 15:00","2018","10","15","15:00","10.7","","6.3","","74","","28","","20","","24.1","","98.58","","","","","","NA"
"2018-10-15 16:00","2018","10","15","16:00","9.8","","4.3","","68","","29","","27","","24.1","","98.70","","","","","","Mostly Cloudy"
"2018-10-15 17:00","2018","10","15","17:00","8.8","","1.6","","60","","27","","26","","24.1","","98.77","","","","","","NA"
"2018-10-15 18:00","2018","10","15","18:00","7.6","","1.3","","64","","32","","30","","24.1","","98.94","","","","","","Rain Showers"
"2018-10-15 19:00","2018","10","15","19:00","5.6","","-1.9","","58","","29","","26","","24.1","","99.09","","","","","","Mainly Clear"
"2018-10-15 20:00","2018","10","15","20:00","4.9","","-2.6","","59","","29","","19","","24.1","","99.21","","","","","","NA"
"2018-10-15 21:00","2018","10","15","21:00","4.3","","-2.6","","61","","28","","24","","24.1","","99.33","","","","","","NA"
"2018-10-15 22:00","2018","10","15","22:00","3.9","","-2.4","","63","","27","","12","","24.1","","99.42","","","","","","Clear"
"2018-10-15 23:00","2018","10","15","23:00","3.5","","-2.3","","66","","24","","11","","24.1","","99.46","","","","","","NA"
"2018-10-16 00:00","2018","10","16","00:00","3.7","","-2.4","","64","","25","","15","","24.1","","99.47","","","","","","NA"
"2018-10-16 01:00","2018","10","16","01:00","3.7","","-2.3","","65","","25","","11","","24.1","","99.51","","","","","","Clear"
"2018-10-16 02:00","2018","10","16","02:00","3.4","","-2.2","","67","","26","","13","","24.1","","99.52","","","","","","NA"
"2018-10-16 03:00","2018","10","16","03:00","3.5","","-2.1","","67","","26","","16","","24.1","","99.51","","","","","","NA"
"2018-10-16 04:00","2018","10","16","04:00","2.6","","-2.0","","71","","26","","12","","24.1","","99.52","","","","","","Clear"
"2018-10-16 05:00","2018","10","16","05:00","2.2","","-1.5","","77","","25","","12","","24.1","","99.55","","","","","","NA"
"2018-10-16 06:00","2018","10","16","06:00","2.4","","-1.3","","76","","25","","12","","24.1","","99.56","","","","","","NA"
"2018-10-16 07:00","2018","10","16","07:00","3.0","","-0.9","","76","","22","","8","","24.1","","99.60","","","","","","Mainly Clear"
"2018-10-16 08:00","2018","10","16","08:00","3.8","","-1.0","","71","","23","","16","","24.1","","99.64","","","","","","NA"
"2018-10-16 09:00","2018","10","16","09:00","4.8","","-1.1","","66","","22","","14","","24.1","","99.64","","","","","","NA"
"2018-10-16 10:00","2018","10","16","10:00","6.6","","-2.2","","54","","25","","22","","24.1","","99.57","","","","","","Mostly Cloudy"
"2018-10-16 11:00","2018","10","16","11:00","7.2","","-2.1","","52","","26","","22","","24.1","","99.47","","","","","","NA"
"2018-10-16 12:00","2018","10","16","12:00","8.4","","-1.9","","48","","23","","23","","24.1","","99.36","","","","","","NA"
"2018-10-16 13:00","2018","10","16","13:00","10.2","","-1.2","","45","","20","","21","","24.1","","99.22","","","","","","Mostly Cloudy"
"2018-10-16 14:00","2018","10","16","14:00","11.3","","-1.1","","42","","23","","18","","24.1","","99.09","","","","","","NA"
"2018-10-16 15:00","2018","10","16","15:00","11.3","","-1.6","","41","","26","","20","","24.1","","99.03","","","","","","NA"
"2018-10-16 16:00","2018","10","16","16:00","11.3","","-1.0","","42","","24","","16","","24.1","","98.94","","","","","","Mostly Cloudy"
"2018-10-16 17:00","2018","10","16","17:00","11.1","","-1.8","","40","","24","","14","","24.1","","98.92","","","","","","NA"
"2018-10-16 18:00","2018","10","16","18:00","10.2","","-2.2","","42","","23","","17","","24.1","","98.89","","","","","","NA"
"2018-10-16 19:00","2018","10","16","19:00","9.1","","0.1","","53","","21","","10","","24.1","","98.88","","","","","","Mostly Cloudy"
"2018-10-16 20:00","2018","10","16","20:00","9.1","","0.7","","56","","22","","13","","24.1","","98.87","","","","","","NA"
"2018-10-16 21:00","2018","10","16","21:00","9.3","","-0.4","","50","","23","","19","","24.1","","98.84","","","","","","NA"
"2018-10-16 22:00","2018","10","16","22:00","9.0","","-0.7","","50","","24","","14","","24.1","","98.80","","","","","","Mostly Cloudy"
"2018-10-16 23:00","2018","10","16","23:00","8.7","","-0.9","","51","","24","","13","","24.1","","98.76","","","","","","NA"
"2018-10-17 00:00","2018","10","17","00:00","8.5","","-0.9","","52","","23","","14","","24.1","","98.73","","","","","","NA"
"2018-10-17 01:00","2018","10","17","01:00","7.5","","-0.4","","57","","23","","10","","24.1","","98.69","","","","","","Mainly Clear"
"2018-10-17 02:00","2018","10","17","02:00","7.4","","0.1","","60","","23","","12","","24.1","","98.65","","","","","","NA"
"2018-10-17 03:00","2018","10","17","03:00","6.8","","0.3","","63","","23","","7","","24.1","","98.65","","","","","","NA"
"2018-10-17 04:00","2018","10","17","04:00","7.0","","1.0","","66","","27","","9","","24.1","","98.67","","","","","","Mostly Cloudy"
"2018-10-17 05:00","2018","10","17","05:00","6.9","","2.3","","72","","27","","5","","24.1","","98.71","","","","","","NA"
"2018-10-17 06:00","2018","10","17","06:00","7.1","","2.9","","74","","28","","10","","24.1","","98.74","","","","","","NA"
"2018-10-17 07:00","2018","10","17","07:00","6.6","","2.6","","76","","31","","13","","24.1","","98.79","","","","","","Mostly Cloudy"
"2018-10-17 08:00","2018","10","17","08:00","6.6","","2.3","","74","","29","","7","","22.5","","98.85","","","","","","Rain Showers"
"2018-10-17 09:00","2018","10","17","09:00","6.1","","1.9","","74","","32","","24","","22.5","","98.90","","","","","","NA"
"2018-10-17 10:00","2018","10","17","10:00","5.7","","2.7","","81","","28","","10","","24.1","","98.95","","","","","","Mainly Clear"
"2018-10-17 11:00","2018","10","17","11:00","7.2","","-0.3","","59","","30","","19","","24.1","","99.02","","","","","","NA"
"2018-10-17 12:00","2018","10","17","12:00","3.9","","2.1","","88","","31","","14","","24.1","","99.09","","","","","","Rain Showers"
"2018-10-17 13:00","2018","10","17","13:00","4.6","","0.9","","77","","28","","27","","19.3","","99.13","","","","","","Rain Showers"
"2018-10-17 14:00","2018","10","17","14:00","6.6","","-1.6","","56","","31","","28","","22.5","","99.17","","","","","","NA"
"2018-10-17 15:00","2018","10","17","15:00","6.0","","-1.9","","57","","29","","31","","24.1","","99.26","","","","","","NA"
"2018-10-17 16:00","2018","10","17","16:00","5.6","","-2.6","","55","","30","","29","","22.5","","99.34","","","","","","Rain Showers"
"2018-10-17 17:00","2018","10","17","17:00","4.5","","-3.1","","57","","30","","26","","24.1","","99.43","","","","","","NA"
"2018-10-17 18:00","2018","10","17","18:00","3.6","","-2.7","","63","","28","","15","","24.1","","99.58","","","","","","NA"
"2018-10-17 19:00","2018","10","17","19:00","3.1","","-1.9","","69","","27","","17","","24.1","","99.67","","","","","","Mainly Clear"
"2018-10-17 20:00","2018","10","17","20:00","2.6","","-2.2","","70","","27","","13","","24.1","","99.73","","","","","","NA"
"2018-10-17 21:00","2018","10","17","21:00","2.2","","-1.4","","77","","27","","16","","24.1","","99.83","","","","","","NA"
"2018-10-17 22:00","2018","10","17","22:00","2.6","","-1.7","","73","","29","","21","","24.1","","99.90","","","","","","Mainly Clear"
"2018-10-17 23:00","2018","10","17","23:00","1.4","","-1.1","","84","","34","","17","","24.1","","100.04","","","","","","Snow Showers"
"2018-10-18 00:00","2018","10","18","00:00","0.8","","-2.8","","77","","33","","18","","24.1","","100.15","","","","","","Snow Showers"
"2018-10-18 01:00","2018","10","18","01:00","0.6","","-3.1","","76","","28","","12","","24.1","","100.22","","","","","","Snow Showers"
"2018-10-18 02:00","2018","10","18","02:00","0.7","","-3.4","","74","","30","","9","","24.1","","100.27","","","","","","NA"
"2018-10-18 03:00","2018","10","18","03:00","0.5","","-3.4","","75","","28","","7","","24.1","","100.39","","","","","","NA"
"2018-10-18 04:00","2018","10","18","04:00","-0.4","","-3.2","","82","","28","","7","","24.1","","100.43","","","","-3","","Mainly Clear"
"2018-10-18 05:00","2018","10","18","05:00","0.1","","-3.4","","77","","30","","7","","24.1","","100.52","","","","","","NA"
"2018-10-18 06:00","2018","10","18","06:00","0.1","","-3.4","","77","","27","","5","","24.1","","100.54","","","","","","NA"
"2018-10-18 07:00","2018","10","18","07:00","0.0","","-5.6","","66","","35","","7","","24.1","","100.61","","","","-2","","Mostly Cloudy"
"2018-10-18 08:00","2018","10","18","08:00","0.8","","-6.2","","60","","33","","4","","24.1","","100.68","","","","","","NA"
"2018-10-18 09:00","2018","10","18","09:00","1.7","","-5.7","","58","","0","","1","","24.1","","100.68","","","","","","NA"
"2018-10-18 10:00","2018","10","18","10:00","2.9","","-4.1","","60","","23","","4","","24.1","","100.67","","","","","","Mostly Cloudy"
"2018-10-18 11:00","2018","10","18","11:00","3.9","","-3.8","","57","","27","","10","","24.1","","100.69","","","","","","NA"
"2018-10-18 12:00","2018","10","18","12:00","5.0","","-3.3","","55","","29","","10","","24.1","","100.60","","","","","","NA"
"2018-10-18 13:00","2018","10","18","13:00","5.3","","-3.5","","53","","28","","14","","24.1","","100.50","","","","","","Mainly Clear"
"2018-10-18 14:00","2018","10","18","14:00","6.9","","-2.9","","49","","26","","16","","24.1","","100.41","","","","","","NA"
"2018-10-18 15:00","2018","10","18","15:00","7.6","","-2.7","","48","","26","","18","","24.1","","100.33","","","","","","NA"
"2018-10-18 16:00","2018","10","18","16:00","8.0","","-2.4","","48","","25","","20","","24.1","","100.27","","","","","","Mainly Clear"
"2018-10-18 17:00","2018","10","18","17:00","7.4","","-2.5","","50","","26","","14","","24.1","","100.22","","","","","","NA"
"2018-10-18 18:00","2018","10","18","18:00","6.0","","-2.2","","56","","26","","19","","24.1","","100.22","","","","","","NA"
"2018-10-18 19:00","2018","10","18","19:00","5.1","","-2.0","","60","","23","","8","","24.1","","100.13","","","","","","Clear"
"2018-10-18 20:00","2018","10","18","20:00","4.8","","-2.4","","60","","23","","14","","24.1","","100.08","","","","","","NA"
"2018-10-18 21:00","2018","10","18","21:00","4.9","","-3.9","","53","","22","","15","","24.1","","99.97","","","","","","NA"
"2018-10-18 22:00","2018","10","18","22:00","4.5","","-3.5","","56","","22","","15","","24.1","","99.88","","","","","","Clear"
"2018-10-18 23:00","2018","10","18","23:00","4.4","","-3.2","","58","","23","","9","","24.1","","99.85","","","","","","NA"
"2018-10-19 00:00","2018","10","19","00:00","4.3","","-2.4","","62","","25","","10","","24.1","","99.81","","","","","","NA"
"2018-10-19 01:00","2018","10","19","01:00","5.0","","-1.8","","61","","24","","12","","24.1","","99.76","","","","","","Clear"
"2018-10-19 02:00","2018","10","19","02:00","5.4","","-1.2","","62","","24","","10","","24.1","","99.75","","","","","","NA"
"2018-10-19 03:00","2018","10","19","03:00","5.8","","-0.5","","64","","24","","12","","24.1","","99.69","","","","","","NA"
"2018-10-19 04:00","2018","10","19","04:00","5.5","","0.0","","68","","25","","9","","24.1","","99.66","","","","","","Clear"
"2018-10-19 05:00","2018","10","19","05:00","5.8","","0.2","","67","","24","","9","","24.1","","99.61","","","","","","NA"
"2018-10-19 06:00","2018","10","19","06:00","5.8","","0.1","","67","","24","","13","","24.1","","99.54","","","","","","NA"
"2018-10-19 07:00","2018","10","19","07:00","6.0","","0.4","","67","","23","","16","","24.1","","99.51","","","","","","Mostly Cloudy"
"2018-10-19 08:00","2018","10","19","08:00","6.7","","0.5","","65","","23","","16","","24.1","","99.47","","","","","","NA"
"2018-10-19 09:00","2018","10","19","09:00","7.8","","0.9","","62","","24","","20","","24.1","","99.37","","","","","","NA"
"2018-10-19 10:00","2018","10","19","10:00","9.7","","1.7","","57","","22","","16","","24.1","","99.31","","","","","","Mostly Cloudy"
"2018-10-19 11:00","2018","10","19","11:00","11.0","","2.2","","54","","21","","16","","24.1","","99.16","","","","","","NA"
"2018-10-19 12:00","2018","10","19","12:00","12.4","","2.7","","51","","22","","14","","24.1","","99.11","","","","","","NA"
"2018-10-19 13:00","2018","10","19","13:00","14.6","","3.7","","48","","24","","17","","24.1","","98.98","","","","","","Mostly Cloudy"
"2018-10-19 14:00","2018","10","19","14:00","14.9","","3.9","","48","","23","","13","","24.1","","98.81","","","","","","NA"
"2018-10-19 15:00","2018","10","19","15:00","14.5","","3.9","","49","","22","","14","","24.1","","98.70","","","","","","NA"
"2018-10-19 16:00","2018","10","19","16:00","13.6","","5.3","","57","","21","","22","","24.1","","98.66","","","","","","Cloudy"
"2018-10-19 17:00","2018","10","19","17:00","12.9","","2.6","","49","","21","","22","","24.1","","98.50","","","","","","NA"
"2018-10-19 18:00","2018","10","19","18:00","12.1","","2.5","","52","","22","","14","","24.1","","98.49","","","","","","NA"
"2018-10-19 19:00","2018","10","19","19:00","11.8","","3.7","","57","","22","","14","","20.9","","98.40","","","","","","Cloudy"
"2018-10-19 20:00","2018","10","19","20:00","11.5","","3.5","","57","","23","","18","","22.5","","98.24","","","","","","NA"
"2018-10-19 21:00","2018","10","19","21:00","11.2","","3.7","","60","","23","","26","","20.9","","98.14","","","","","","NA"
"2018-10-19 22:00","2018","10","19","22:00","10.7","","2.1","","55","","24","","27","","20.9","","98.04","","","","","","Rain Showers"
"2018-10-19 23:00","2018","10","19","23:00","10.2","","4.1","","66","","23","","31","","22.5","","97.94","","","","","","Rain Showers"
"2018-10-20 00:00","2018","10","20","00:00","9.9","","4.2","","68","","23","","24","","24.1","","97.87","","","","","","NA"
"2018-10-20 01:00","2018","10","20","01:00","9.4","","5.2","","75","","23","","21","","24.1","","97.79","","","","","","Cloudy"
"2018-10-20 02:00","2018","10","20","02:00","9.5","","6.0","","79","","25","","15","","24.1","","97.71","","","","","","NA"
"2018-10-20 03:00","2018","10","20","03:00","9.5","","6.9","","84","","26","","11","","20.9","","97.75","","","","","","Rain Showers"
"2018-10-20 04:00","2018","10","20","04:00","9.1","","5.1","","76","","27","","22","","24.1","","97.79","","","","","","Clear"
"2018-10-20 05:00","2018","10","20","05:00","8.1","","4.5","","78","","27","","14","","24.1","","97.87","","","","","","NA"
"2018-10-20 06:00","2018","10","20","06:00","7.8","","3.4","","74","","28","","11","","24.1","","97.90","","","","","","NA"
"2018-10-20 07:00","2018","10","20","07:00","7.7","","3.5","","74","","25","","12","","24.1","","97.93","","","","","","Mainly Clear"
"2018-10-20 08:00","2018","10","20","08:00","8.9","","3.6","","69","","26","","14","","24.1","","98.04","","","","","","NA"
"2018-10-20 09:00","2018","10","20","09:00","9.9","","3.0","","62","","29","","20","","24.1","","98.08","","","","","","NA"
"2018-10-20 10:00","2018","10","20","10:00","11.2","","0.7","","48","","28","","19","","24.1","","98.10","","","","","","Mostly Cloudy"
"2018-10-20 11:00","2018","10","20","11:00","11.5","","0.9","","48","","30","","17","","24.1","","98.11","","","","","","NA"
"2018-10-20 12:00","2018","10","20","12:00","11.3","","0.6","","47","","31","","15","","24.1","","98.05","","","","","","NA"
"2018-10-20 13:00","2018","10","20","13:00","12.3","","-0.3","","42","","32","","18","","24.1","","97.97","","","","","","Mostly Cloudy"
"2018-10-20 14:00","2018","10","20","14:00","10.9","","-1.1","","43","","32","","21","","24.1","","97.90","","","","","","NA"
"2018-10-20 15:00","2018","10","20","15:00","11.0","","-0.7","","44","","33","","17","","24.1","","97.88","","","","","","NA"
"2018-10-20 16:00","2018","10","20","16:00","10.5","","-0.5","","46","","35","","17","","24.1","","97.92","","","","","","Mostly Cloudy"
"2018-10-20 17:00","2018","10","20","17:00","9.5","","-0.2","","51","","35","","12","","24.1","","98.00","","","","","","NA"
"2018-10-20 18:00","2018","10","20","18:00","7.4","","0.5","","61","","34","","18","","24.1","","98.14","","","","","","NA"
"2018-10-20 19:00","2018","10","20","19:00","6.4","","-1.0","","59","","34","","23","","24.1","","98.25","","","","","","Mostly Cloudy"
"2018-10-20 20:00","2018","10","20","20:00","5.7","","-1.0","","62","","34","","17","","24.1","","98.33","","","","","","NA"
"2018-10-20 21:00","2018","10","20","21:00","5.6","","-1.8","","59","","35","","26","","24.1","","98.46","","","","","","NA"
"2018-10-20 22:00","2018","10","20","22:00","4.4","","-3.3","","57","","35","","26","","24.1","","98.60","","","","","","Cloudy"
"2018-10-20 23:00","2018","10","20","23:00","3.4","","-4.0","","58","","35","","18","","24.1","","98.68","","","","","","NA"
"2018-10-21 00:00","2018","10","21","00:00","3.6","","-4.1","","57","","34","","24","","24.1","","98.79","","","","","","NA"
"2018-10-21 01:00","2018","10","21","01:00","2.9","","-4.2","","60","","34","","25","","24.1","","98.93","","","","","","Mostly Cloudy"
"2018-10-21 02:00","2018","10","21","02:00","1.0","","-6.2","","59","","35","","27","","24.1","","99.07","","","","","","NA"
"2018-10-21 03:00","2018","10","21","03:00","1.0","","-5.8","","61","","33","","19","","24.1","","99.17","","","","","","NA"
"2018-10-21 04:00","2018","10","21","04:00","0.2","","-7.2","","58","","34","","21","","24.1","","99.28","","","","","","Mostly Cloudy"
"2018-10-21 05:00","2018","10","21","05:00","-0.1","","-7.7","","57","","33","","14","","24.1","","99.41","","","","-4","","NA"
"2018-10-21 06:00","2018","10","21","06:00","-0.7","","-7.5","","60","","32","","9","","24.1","","99.50","","","","-4","","NA"
"2018-10-21 07:00","2018","10","21","07:00","-0.1","","-6.7","","62","","29","","8","","24.1","","99.59","","","","-3","","Mostly Cloudy"
"2018-10-21 08:00","2018","10","21","08:00","0.6","","-6.1","","61","","33","","15","","24.1","","99.70","","","","","","NA"
"2018-10-21 09:00","2018","10","21","09:00","1.6","","-4.9","","62","","32","","9","","24.1","","99.74","","","","","","NA"
"2018-10-21 10:00","2018","10","21","10:00","1.9","","-3.5","","67","","32","","11","","24.1","","99.78","","","","","","Cloudy"
"2018-10-21 11:00","2018","10","21","11:00","2.6","","-2.8","","67","","32","","18","","24.1","","99.77","","","","","","NA"
"2018-10-21 12:00","2018","10","21","12:00","2.9","","-3.3","","64","","31","","17","","24.1","","99.75","","","","","","NA"
"2018-10-21 13:00","2018","10","21","13:00","4.2","","-5.2","","51","","31","","25","","24.1","","99.68","","","","","","Mostly Cloudy"
"2018-10-21 14:00","2018","10","21","14:00","5.0","","-4.7","","50","","32","","12","","24.1","","99.65","","","","","","NA"
"2018-10-21 15:00","2018","10","21","15:00","4.7","","-4.9","","50","","31","","16","","24.1","","99.66","","","","","","NA"
"2018-10-21 16:00","2018","10","21","16:00","5.0","","-4.1","","52","","32","","11","","24.1","","99.61","","","","","","Cloudy"
"2018-10-21 17:00","2018","10","21","17:00","4.4","","-3.6","","56","","29","","5","","24.1","","99.58","","","","","","NA"
"2018-10-21 18:00","2018","10","21","18:00","4.1","","-2.6","","62","","27","","14","","24.1","","99.61","","","","","","NA"
"2018-10-21 19:00","2018","10","21","19:00","3.3","","-1.9","","69","","28","","13","","24.1","","99.63","","","","","","Mostly Cloudy"
"2018-10-21 20:00","2018","10","21","20:00","3.5","","-2.1","","67","","25","","9","","24.1","","99.65","","","","","","NA"
"2018-10-21 21:00","2018","10","21","21:00","3.3","","-2.2","","67","","26","","12","","24.1","","99.69","","","","","","NA"
"2018-10-21 22:00","2018","10","21","22:00","3.3","","-1.8","","69","","26","","10","","24.1","","99.69","","","","","","Cloudy"
"2018-10-21 23:00","2018","10","21","23:00","3.4","","-1.5","","70","","23","","14","","24.1","","99.65","","","","","","NA"
"2018-10-22 00:00","2018","10","22","00:00","3.4","","-2.0","","67","","24","","13","","24.1","","99.63","","","","","","NA"
"2018-10-22 01:00","2018","10","22","01:00","3.5","","-2.2","","66","","23","","16","","24.1","","99.61","","","","","","Cloudy"
"2018-10-22 02:00","2018","10","22","02:00","3.5","","-2.2","","66","","24","","16","","24.1","","99.57","","","","","","NA"
"2018-10-22 03:00","2018","10","22","03:00","3.4","","-1.9","","68","","22","","10","","24.1","","99.53","","","","","","NA"
"2018-10-22 04:00","2018","10","22","04:00","3.5","","-1.7","","68","","21","","12","","24.1","","99.48","","","","","","Cloudy"
"2018-10-22 05:00","2018","10","22","05:00","3.7","","-1.3","","70","","20","","8","","24.1","","99.45","","","","","","NA"
"2018-10-22 06:00","2018","10","22","06:00","3.3","","-1.2","","72","","22","","7","","24.1","","99.44","","","","","","NA"
"2018-10-22 07:00","2018","10","22","07:00","4.1","","-0.9","","70","","24","","5","","24.1","","99.43","","","","","","Mostly Cloudy"
"2018-10-22 08:00","2018","10","22","08:00","5.3","","-0.4","","67","","25","","10","","24.1","","99.43","","","","","","NA"
"2018-10-22 09:00","2018","10","22","09:00","6.5","","-0.2","","62","","25","","9","","24.1","","99.41","","","","","","NA"
"2018-10-22 10:00","2018","10","22","10:00","7.9","","-0.8","","54","","28","","10","","24.1","","99.39","","","","","","Mostly Cloudy"
"2018-10-22 11:00","2018","10","22","11:00","9.7","","0.5","","53","","16","","7","","24.1","","99.36","","","","","","NA"
"2018-10-22 12:00","2018","10","22","12:00","10.7","","-0.1","","47","","26","","13","","24.1","","99.31","","","","","","NA"
"2018-10-22 13:00","2018","10","22","13:00","10.3","","-0.7","","46","","25","","14","","24.1","","99.26","","","","","","Mostly Cloudy"
"2018-10-22 14:00","2018","10","22","14:00","10.0","","1.0","","53","","17","","10","","24.1","","99.22","","","","","","NA"
"2018-10-22 15:00","2018","10","22","15:00","9.9","","0.6","","52","","18","","9","","24.1","","99.22","","","","","","NA"
"2018-10-22 16:00","2018","10","22","16:00","9.9","","0.8","","53","","16","","7","","24.1","","99.22","","","","","","Mostly Cloudy"
"2018-10-22 17:00","2018","10","22","17:00","9.3","","0.7","","55","","18","","7","","24.1","","99.22","","","","","","NA"
"2018-10-22 18:00","2018","10","22","18:00","6.6","","1.5","","70","","11","","8","","24.1","","99.28","","","","","","NA"
"2018-10-22 19:00","2018","10","22","19:00","5.3","","0.7","","72","","11","","9","","24.1","","99.28","","","","","","Mainly Clear"
"2018-10-22 20:00","2018","10","22","20:00","4.5","","0.3","","74","","8","","5","","24.1","","99.33","","","","","","NA"
"2018-10-22 21:00","2018","10","22","21:00","2.3","","-0.5","","82","","2","","4","","24.1","","99.31","","","","","","NA"
"2018-10-22 22:00","2018","10","22","22:00","2.3","","0.0","","85","","34","","3","","24.1","","99.29","","","","","","Clear"
"2018-10-22 23:00","2018","10","22","23:00","1.1","","-0.4","","90","","32","","3","","24.1","","99.23","","","","","","NA"
"2018-10-23 00:00","2018","10","23","00:00","0.9","","-0.8","","89","","33","","3","","24.1","","99.19","","","","","","NA"
"2018-10-23 01:00","2018","10","23","01:00","0.2","","-1.3","","89","","35","","4","","19.3","","99.13","","","","","","Clear"
"2018-10-23 02:00","2018","10","23","02:00","-0.4","","-1.6","","92","","36","","3","","19.3","","99.09","","","","-1","","NA"
"2018-10-23 03:00","2018","10","23","03:00","-0.7","","-1.8","","92","","1","","3","","19.3","","99.04","","","","-2","","NA"
"2018-10-23 04:00","2018","10","23","04:00","-0.2","","-0.9","","94","","36","","2","","16.1","","99.01","","","","-1","","Mostly Cloudy"
"2018-10-23 05:00","2018","10","23","05:00","1.7","","1.1","","96","","2","","7","","12.9","","98.97","","","","","","Rain"
"2018-10-23 06:00","2018","10","23","06:00","3.1","","2.7","","97","","34","","13","","9.7","","98.97","","","","","","Rain Showers,Fog"
"2018-10-23 07:00","2018","10","23","07:00","4.6","","3.9","","95","","1","","3","","4.8","","98.96","","","","","","Fog"
"2018-10-23 08:00","2018","10","23","08:00","5.3","","4.7","","95","","6","","4","","9.7","","98.96","","","","","","Fog"
"2018-10-23 09:00","2018","10","23","09:00","6.7","","5.4","","91","","15","","7","","16.1","","99.00","","","","","","NA"
"2018-10-23 10:00","2018","10","23","10:00","7.3","","5.3","","87","","24","","5","","19.3","","99.02","","","","","","Mostly Cloudy"
"2018-10-23 11:00","2018","10","23","11:00","7.2","","4.7","","84","","25","","12","","19.3","","99.07","","","","","","NA"
"2018-10-23 12:00","2018","10","23","12:00","8.2","","4.8","","79","","29","","16","","24.1","","99.05","","","","","","NA"
"2018-10-23 13:00","2018","10","23","13:00","9.1","","4.5","","73","","29","","16","","24.1","","99.06","","","","","","Cloudy"
"2018-10-23 14:00","2018","10","23","14:00","8.5","","4.4","","75","","31","","12","","24.1","","99.09","","","","","","Rain Showers"
"2018-10-23 15:00","2018","10","23","15:00","7.3","","4.1","","80","","32","","26","","24.1","","99.19","","","","","","NA"
"2018-10-23 16:00","2018","10","23","16:00","7.6","","2.9","","72","","32","","27","","24.1","","99.27","","","","","","Mostly Cloudy"
"2018-10-23 17:00","2018","10","23","17:00","6.0","","2.0","","76","","31","","18","","24.1","","99.35","","","","","","NA"
"2018-10-23 18:00","2018","10","23","18:00","5.3","","2.3","","81","","32","","22","","24.1","","99.46","","","","","","Rain Showers"
"2018-10-23 19:00","2018","10","23","19:00","5.1","","2.1","","81","","32","","18","","24.1","","99.51","","","","","","Mostly Cloudy"
"2018-10-23 20:00","2018","10","23","20:00","4.5","","2.1","","84","","28","","9","","24.1","","99.52","","","","","","NA"
"2018-10-23 21:00","2018","10","23","21:00","4.2","","1.8","","84","","31","","15","","24.1","","99.59","","","","","","NA"
"2018-10-23 22:00","2018","10","23","22:00","3.4","","1.9","","90","","32","","15","","16.1","","99.62","","","","","","Rain Showers"
"2018-10-23 23:00","2018","10","23","23:00","3.3","","1.8","","90","","31","","15","","24.1","","99.63","","","","","","NA"
"2018-10-24 00:00","2018","10","24","00:00","2.8","","1.2","","90","","29","","13","","24.1","","99.64","","","","","","NA"
"2018-10-24 01:00","2018","10","24","01:00","2.8","","1.2","","89","","31","","14","","24.1","","99.69","","","","","","Mostly Cloudy"
"2018-10-24 02:00","2018","10","24","02:00","3.1","","1.3","","88","","32","","19","","24.1","","99.73","","","","","","NA"
"2018-10-24 03:00","2018","10","24","03:00","2.7","","0.2","","83","","33","","16","","24.1","","99.80","","","","","","NA"
"2018-10-24 04:00","2018","10","24","04:00","2.6","","-0.4","","81","","33","","18","","24.1","","99.84","","","","","","Mostly Cloudy"
"2018-10-24 05:00","2018","10","24","05:00","1.8","","-0.7","","83","","33","","15","","24.1","","99.90","","","","","","NA"
"2018-10-24 06:00","2018","10","24","06:00","1.6","","-0.9","","83","","33","","17","","24.1","","99.98","","","","","","NA"
"2018-10-24 07:00","2018","10","24","07:00","2.5","","-1.3","","76","","33","","16","","24.1","","100.06","","","","","","Mostly Cloudy"
"2018-10-24 08:00","2018","10","24","08:00","3.2","","-0.7","","76","","33","","18","","24.1","","100.10","","","","","","NA"
"2018-10-24 09:00","2018","10","24","09:00","3.5","","-0.5","","75","","35","","24","","24.1","","100.15","","","","","","NA"
"2018-10-24 10:00","2018","10","24","10:00","3.6","","-0.8","","73","","35","","20","","24.1","","100.21","","","","","","Mostly Cloudy"
"2018-10-24 11:00","2018","10","24","11:00","4.4","","-1.5","","65","","34","","20","","24.1","","100.23","","","","","","NA"
"2018-10-24 12:00","2018","10","24","12:00","4.9","","-1.5","","63","","36","","25","","24.1","","100.21","","","","","","NA"
"2018-10-24 13:00","2018","10","24","13:00","4.8","","-1.6","","63","","35","","21","","24.1","","100.21","","","","","","Cloudy"
"2018-10-24 14:00","2018","10","24","14:00","4.3","","-1.8","","64","","33","","22","","24.1","","100.19","","","","","","NA"
"2018-10-24 15:00","2018","10","24","15:00","4.0","","-1.9","","66","","32","","24","","24.1","","100.18","","","","","","NA"
"2018-10-24 16:00","2018","10","24","16:00","3.9","","-2.2","","64","","33","","21","","24.1","","100.19","","","","","","Mostly Cloudy"
"2018-10-24 17:00","2018","10","24","17:00","3.2","","-1.6","","71","","33","","12","","24.1","","100.20","","","","","","NA"
"2018-10-24 18:00","2018","10","24","18:00","2.8","","-1.3","","74","","32","","17","","24.1","","100.22","","","","","","NA"
"2018-10-24 19:00","2018","10","24","19:00","2.4","","-0.6","","81","","31","","6","","24.1","","100.24","","","","","","Mostly Cloudy"
"2018-10-24 20:00","2018","10","24","20:00","2.3","","-1.1","","78","","32","","9","","24.1","","100.25","","","","","","NA"
"2018-10-24 21:00","2018","10","24","21:00","2.2","","-1.2","","78","","32","","10","","24.1","","100.26","","","","","","NA"
"2018-10-24 22:00","2018","10","24","22:00","1.8","","-1.0","","81","","30","","9","","24.1","","100.23","","","","","","Mostly Cloudy"
"2018-10-24 23:00","2018","10","24","23:00","1.7","","-1.0","","82","","31","","7","","24.1","","100.19","","","","","","NA"
"2018-10-25 00:00","2018","10","25","00:00","1.8","","-1.3","","80","","30","","8","","24.1","","100.15","","","","","","NA"
"2018-10-25 01:00","2018","10","25","01:00","1.5","","-1.2","","82","","29","","9","","24.1","","100.13","","","","","","Cloudy"
"2018-10-25 02:00","2018","10","25","02:00","1.4","","-1.0","","84","","29","","9","","24.1","","100.09","","","","","","NA"
"2018-10-25 03:00","2018","10","25","03:00","1.1","","-1.7","","81","","27","","7","","24.1","","100.02","","","","","","NA"
"2018-10-25 04:00","2018","10","25","04:00","0.7","","-1.2","","87","","29","","5","","24.1","","100.03","","","","","","Mostly Cloudy"
"2018-10-25 05:00","2018","10","25","05:00","1.1","","-1.2","","85","","27","","5","","24.1","","100.03","","","","","","NA"
"2018-10-25 06:00","2018","10","25","06:00","1.6","","-0.6","","85","","28","","8","","24.1","","100.03","","","","","","NA"
"2018-10-25 07:00","2018","10","25","07:00","1.7","","-0.5","","85","","29","","9","","24.1","","100.05","","","","","","Mostly Cloudy"
"2018-10-25 08:00","2018","10","25","08:00","2.3","","-0.8","","80","","29","","7","","24.1","","100.07","","","","","","NA"
"2018-10-25 09:00","2018","10","25","09:00","3.2","","-0.7","","75","","31","","5","","24.1","","100.04","","","","","","NA"
"2018-10-25 10:00","2018","10","25","10:00","4.9","","-1.9","","61","","34","","7","","24.1","","100.01","","","","","","Mainly Clear"
"2018-10-25 11:00","2018","10","25","11:00","5.7","","-1.5","","60","","33","","9","","24.1","","99.93","","","","","","NA"
"2018-10-25 12:00","2018","10","25","12:00","6.5","","-0.6","","60","","29","","8","","24.1","","99.85","","","","","","NA"
"2018-10-25 13:00","2018","10","25","13:00","6.8","","-1.0","","58","","36","","3","","24.1","","99.77","","","","","","Mostly Cloudy"
"2018-10-25 14:00","2018","10","25","14:00","7.4","","-0.4","","58","","3","","5","","24.1","","99.70","","","","","","NA"
"2018-10-25 15:00","2018","10","25","15:00","7.5","","0.0","","59","","36","","1","","24.1","","99.66","","","","","","NA"
"2018-10-25 16:00","2018","10","25","16:00","7.1","","0.2","","61","","20","","7","","24.1","","99.63","","","","","","Mostly Cloudy"
"2018-10-25 17:00","2018","10","25","17:00","6.5","","-0.3","","62","","17","","4","","24.1","","99.63","","","","","","NA"
"2018-10-25 18:00","2018","10","25","18:00","4.8","","-0.4","","69","","12","","6","","24.1","","99.62","","","","","","NA"
"2018-10-25 19:00","2018","10","25","19:00","4.3","","0.1","","74","","8","","4","","24.1","","99.62","","","","","","Mostly Cloudy"
"2018-10-25 20:00","2018","10","25","20:00","4.0","","0.2","","77","","8","","4","","24.1","","99.60","","","","","","NA"
"2018-10-25 21:00","2018","10","25","21:00","3.4","","0.4","","81","","5","","6","","24.1","","99.59","","","","","","NA"
"2018-10-25 22:00","2018","10","25","22:00","3.5","","0.1","","78","","7","","3","","24.1","","99.60","","","","","","Cloudy"
"2018-10-25 23:00","2018","10","25","23:00","3.7","","0.0","","76","","10","","3","","24.1","","99.57","","","","","","NA"
"2018-10-26 00:00","2018","10","26","00:00","4.0","","-0.2","","74","","9","","6","","24.1","","99.55","","","","","","NA"
"2018-10-26 01:00","2018","10","26","01:00","4.2","","0.0","","74","","12","","4","","24.1","","99.50","","","","","","Cloudy"
"2018-10-26 02:00","2018","10","26","02:00","4.2","","0.3","","76","","7","","4","","24.1","","99.48","","","","","","NA"
"2018-10-26 03:00","2018","10","26","03:00","4.1","","0.9","","80","","9","","5","","24.1","","99.44","","","","","","NA"
"2018-10-26 04:00","2018","10","26","04:00","3.9","","0.6","","79","","6","","6","","24.1","","99.42","","","","","","Cloudy"
"2018-10-26 05:00","2018","10","26","05:00","4.0","","0.5","","78","","9","","12","","24.1","","99.40","","","","","","NA"
"2018-10-26 06:00","2018","10","26","06:00","4.0","","0.8","","80","","10","","10","","24.1","","99.42","","","","","","NA"
"2018-10-26 07:00","2018","10","26","07:00","3.9","","0.6","","79","","9","","12","","24.1","","99.42","","","","","","Cloudy"
"2018-10-26 08:00","2018","10","26","08:00","4.1","","0.4","","77","","9","","12","","24.1","","99.45","","","","","","NA"
"2018-10-26 09:00","2018","10","26","09:00","4.7","","0.9","","76","","11","","14","","24.1","","99.46","","","","","","NA"
"2018-10-26 10:00","2018","10","26","10:00","5.2","","1.7","","78","","12","","13","","24.1","","99.44","","","","","","Cloudy"
"2018-10-26 11:00","2018","10","26","11:00","5.7","","1.5","","74","","12","","22","","22.5","","99.42","","","","","","Rain"
"2018-10-26 12:00","2018","10","26","12:00","6.2","","0.5","","67","","11","","18","","24.1","","99.36","","","","","","NA"
"2018-10-26 13:00","2018","10","26","13:00","6.5","","0.1","","64","","10","","20","","24.1","","99.32","","","","","","Cloudy"
"2018-10-26 14:00","2018","10","26","14:00","6.5","","0.3","","64","","11","","23","","24.1","","99.29","","","","","","NA"
"2018-10-26 15:00","2018","10","26","15:00","6.1","","0.3","","66","","10","","26","","24.1","","99.23","","","","","","NA"
"2018-10-26 16:00","2018","10","26","16:00","5.5","","0.5","","70","","10","","23","","24.1","","99.19","","","","","","Cloudy"
"2018-10-26 17:00","2018","10","26","17:00","5.1","","0.6","","72","","9","","21","","24.1","","99.17","","","","","","NA"
"2018-10-26 18:00","2018","10","26","18:00","5.0","","1.0","","75","","10","","24","","24.1","","99.16","","","","","","NA"
"2018-10-26 19:00","2018","10","26","19:00","4.8","","1.3","","78","","8","","18","","24.1","","99.16","","","","","","Cloudy"
"2018-10-26 20:00","2018","10","26","20:00","4.1","","0.0","","75","","9","","22","","24.1","","99.14","","","","","","NA"
"2018-10-26 21:00","2018","10","26","21:00","4.0","","-0.3","","74","","8","","13","","24.1","","99.15","","","","","","NA"
"2018-10-26 22:00","2018","10","26","22:00","4.0","","-0.3","","74","","8","","17","","24.1","","99.11","","","","","","Cloudy"
"2018-10-26 23:00","2018","10","26","23:00","4.2","","-0.3","","73","","7","","23","","24.1","","99.08","","","","","","NA"
"2018-10-27 00:00","2018","10","27","00:00","4.2","","-0.6","","71","","7","","17","","24.1","","99.06","","","","","","NA"
"2018-10-27 01:00","2018","10","27","01:00","4.4","","-0.3","","72","","8","","24","","24.1","","99.01","","","","","","Cloudy"
"2018-10-27 02:00","2018","10","27","02:00","3.7","","0.3","","79","","7","","17","","24.1","","99.01","","","","","","Rain"
"2018-10-27 03:00","2018","10","27","03:00","3.5","","-1.3","","71","","8","","15","","24.1","","98.96","","","","","","NA"
"2018-10-27 04:00","2018","10","27","04:00","3.5","","-2.7","","64","","6","","20","","24.1","","98.90","","","","","","Cloudy"
"2018-10-27 05:00","2018","10","27","05:00","3.2","","-3.4","","62","","7","","18","","16.1","","98.90","","","","","","Snow"
"2018-10-27 06:00","2018","10","27","06:00","2.0","","-2.4","","72","","6","","15","","24.1","","98.89","","","","","","Snow"
"2018-10-27 07:00","2018","10","27","07:00","1.1","","-1.5","","82","","5","","15","","9.7","","98.91","","","","","","Snow Grains"
"2018-10-27 08:00","2018","10","27","08:00","1.4","","-1.0","","84","","4","","15","","19.3","","98.90","","","","","","NA"
"2018-10-27 09:00","2018","10","27","09:00","2.8","","-0.2","","81","","5","","15","","24.1","","98.87","","","","","","NA"
"2018-10-27 10:00","2018","10","27","10:00","4.3","","-0.8","","69","","7","","21","","24.1","","98.86","","","","","","Cloudy"
"2018-10-27 11:00","2018","10","27","11:00","6.0","","-0.4","","63","","8","","24","","24.1","","98.82","","","","","","NA"
"2018-10-27 12:00","2018","10","27","12:00","7.0","","0.0","","61","","9","","23","","24.1","","98.74","","","","","","NA"
"2018-10-27 13:00","2018","10","27","13:00","6.3","","-1.6","","57","","7","","27","","24.1","","98.69","","","","","","Cloudy"
"2018-10-27 14:00","2018","10","27","14:00","6.0","","-2.1","","56","","7","","23","","24.1","","98.68","","","","","","NA"
"2018-10-27 15:00","2018","10","27","15:00","4.7","","-1.4","","64","","7","","17","","19.3","","98.69","","","","","","Rain Showers"
"2018-10-27 16:00","2018","10","27","16:00","3.3","","-0.8","","75","","7","","19","","24.1","","98.71","","","","","","Rain"
"2018-10-27 17:00","2018","10","27","17:00","2.1","","0.1","","86","","5","","16","","24.1","","98.71","","","","","","NA"
"2018-10-27 18:00","2018","10","27","18:00","1.7","","-0.1","","88","","4","","16","","19.3","","98.72","","","","","","Rain,Snow"
"2018-10-27 19:00","2018","10","27","19:00","0.5","","-0.4","","94","","3","","14","","2.8","","98.73","","","","","","Snow,Fog"
"2018-10-27 20:00","2018","10","27","20:00","0.5","","-0.2","","95","","3","","15","","2.8","","98.69","","","","","","Snow,Fog"
"2018-10-27 21:00","2018","10","27","21:00","0.5","","-0.2","","95","","3","","13","","2.4","","98.66","","","","","","Snow,Fog"
"2018-10-27 22:00","2018","10","27","22:00","0.6","","-0.1","","95","","2","","10","","4.0","","98.62","","","","","","Snow,Fog"
"2018-10-27 23:00","2018","10","27","23:00","0.7","","-0.1","","95","","3","","6","","6.4","","98.58","","","","","","Snow"
"2018-10-28 00:00","2018","10","28","00:00","0.2","","-0.4","","96","","34","","3","","2.4","","98.56","","","","","","Snow"
"2018-10-28 01:00","2018","10","28","01:00","0.4","","0.0","","97","","33","","6","","6.4","","98.51","","","","","","Snow,Fog"
"2018-10-28 02:00","2018","10","28","02:00","0.6","","0.1","","97","","33","","7","","14.5","","98.48","","","","","","Snow"
"2018-10-28 03:00","2018","10","28","03:00","0.7","","0.3","","97","","33","","5","","12.9","","98.45","","","","","","Snow"
"2018-10-28 04:00","2018","10","28","04:00","0.4","","-0.1","","97","","33","","5","","3.2","","98.42","","","","","","Snow,Fog"
"2018-10-28 05:00","2018","10","28","05:00","0.7","","0.3","","97","","33","","4","","9.7","","98.42","","","","","","Snow,Fog"
"2018-10-28 06:00","2018","10","28","06:00","0.5","","-0.1","","96","","34","","4","","2.8","","98.40","","","","","","Snow,Fog"
"2018-10-28 07:00","2018","10","28","07:00","0.7","","0.2","","97","","26","","3","","19.3","","98.38","","","","","","Cloudy"
"2018-10-28 08:00","2018","10","28","08:00","1.3","","0.8","","96","","23","","3","","24.1","","98.36","","","","","","NA"
"2018-10-28 09:00","2018","10","28","09:00","1.6","","0.9","","95","","24","","5","","24.1","","98.34","","","","","","NA"
"2018-10-28 10:00","2018","10","28","10:00","2.0","","0.7","","91","","27","","8","","24.1","","98.31","","","","","","Cloudy"
"2018-10-28 11:00","2018","10","28","11:00","2.6","","0.9","","89","","26","","8","","24.1","","98.26","","","","","","NA"
"2018-10-28 12:00","2018","10","28","12:00","3.3","","1.4","","87","","24","","7","","24.1","","98.22","","","","","","NA"
"2018-10-28 13:00","2018","10","28","13:00","4.4","","1.7","","83","","24","","9","","24.1","","98.13","","","","","","Cloudy"
"2018-10-28 14:00","2018","10","28","14:00","4.9","","2.0","","82","","22","","8","","24.1","","98.06","","","","","","NA"
"2018-10-28 15:00","2018","10","28","15:00","5.5","","2.1","","79","","23","","6","","24.1","","98.04","","","","","","NA"
"2018-10-28 16:00","2018","10","28","16:00","5.4","","2.3","","80","","23","","11","","24.1","","98.05","","","","","","Cloudy"
"2018-10-28 17:00","2018","10","28","17:00","5.1","","2.8","","85","","18","","8","","24.1","","98.02","","","","","","NA"
"2018-10-28 18:00","2018","10","28","18:00","5.1","","2.8","","85","","14","","3","","24.1","","98.05","","","","","","NA"
"2018-10-28 19:00","2018","10","28","19:00","4.8","","2.8","","87","","17","","5","","20.9","","98.06","","","","","","Cloudy"
"2018-10-28 20:00","2018","10","28","20:00","4.7","","2.9","","88","","20","","8","","24.1","","98.04","","","","","","NA"
"2018-10-28 21:00","2018","10","28","21:00","4.8","","3.3","","90","","21","","4","","19.3","","98.05","","","","","","Rain Showers"
"2018-10-28 22:00","2018","10","28","22:00","4.8","","3.6","","92","","18","","3","","19.3","","98.03","","","","","","Rain Showers"
"2018-10-28 23:00","2018","10","28","23:00","4.8","","3.6","","92","","34","","8","","6.4","","98.04","","","","","","Drizzle,Fog"
"2018-10-29 00:00","2018","10","29","00:00","4.4","","3.2","","92","","32","","9","","19.3","","98.07","","","","","","NA"
"2018-10-29 01:00","2018","10","29","01:00","4.2","","2.8","","91","","33","","8","","24.1","","98.09","","","","","","Mostly Cloudy"
"2018-10-29 02:00","2018","10","29","02:00","4.0","","1.4","","83","","29","","8","","24.1","","98.17","","","","","","NA"
"2018-10-29 03:00","2018","10","29","03:00","4.0","","1.5","","84","","28","","8","","24.1","","98.17","","","","","","NA"
"2018-10-29 04:00","2018","10","29","04:00","4.0","","1.6","","84","","26","","9","","24.1","","98.19","","","","","","Cloudy"
"2018-10-29 05:00","2018","10","29","05:00","4.4","","1.9","","84","","26","","10","","24.1","","98.23","","","","","","NA"
"2018-10-29 06:00","2018","10","29","06:00","4.5","","2.5","","87","","25","","8","","20.9","","98.27","","","","","","Rain Showers"
"2018-10-29 07:00","2018","10","29","07:00","4.6","","3.0","","89","","26","","9","","24.1","","98.33","","","","","","Rain Showers"
"2018-10-29 08:00","2018","10","29","08:00","4.5","","1.6","","82","","29","","12","","24.1","","98.40","","","","","","NA"
"2018-10-29 09:00","2018","10","29","09:00","4.3","","1.4","","81","","30","","14","","24.1","","98.47","","","","","","NA"
"2018-10-29 10:00","2018","10","29","10:00","5.0","","1.9","","80","","28","","11","","24.1","","98.50","","","","","","Cloudy"
"2018-10-29 11:00","2018","10","29","11:00","5.6","","2.0","","78","","28","","16","","24.1","","98.52","","","","","","Rain Showers"
"2018-10-29 12:00","2018","10","29","12:00","5.1","","1.9","","80","","32","","23","","24.1","","98.58","","","","","","Rain Showers"
"2018-10-29 13:00","2018","10","29","13:00","6.3","","0.0","","64","","30","","14","","24.1","","98.60","","","","","","Mostly Cloudy"
"2018-10-29 14:00","2018","10","29","14:00","7.9","","-0.2","","56","","29","","23","","24.1","","98.63","","","","","","NA"
"2018-10-29 15:00","2018","10","29","15:00","8.2","","-1.8","","49","","31","","20","","24.1","","98.66","","","","","","NA"
"2018-10-29 16:00","2018","10","29","16:00","7.9","","-3.3","","45","","30","","21","","24.1","","98.71","","","","","","Mostly Cloudy"
"2018-10-29 17:00","2018","10","29","17:00","7.1","","-3.9","","45","","31","","20","","24.1","","98.81","","","","","","NA"
"2018-10-29 18:00","2018","10","29","18:00","6.3","","-4.2","","47","","29","","22","","24.1","","98.92","","","","","","NA"
"2018-10-29 19:00","2018","10","29","19:00","5.6","","-3.2","","53","","29","","10","","24.1","","99.00","","","","","","Mostly Cloudy"
"2018-10-29 20:00","2018","10","29","20:00","5.5","","-2.3","","57","","30","","14","","24.1","","99.05","","","","","","NA"
"2018-10-29 21:00","2018","10","29","21:00","3.1","","0.2","","81","","1","","8","","24.1","","99.13","","","","","","NA"
"2018-10-29 22:00","2018","10","29","22:00","2.2","","0.3","","87","","32","","4","","24.1","","99.15","","","","","","Mainly Clear"
"2018-10-29 23:00","2018","10","29","23:00","1.8","","0.2","","89","","26","","4","","24.1","","99.19","","","","","","NA"
"2018-10-30 00:00","2018","10","30","00:00","0.7","","-0.9","","89","","36","","2","","24.1","","99.25","","","","","","NA"
"2018-10-30 01:00","2018","10","30","01:00","0.2","","-1.0","","92","","24","","4","","24.1","","99.26","","","","","","Mainly Clear"
"2018-10-30 02:00","2018","10","30","02:00","-0.1","","-1.2","","92","","36","","1","","24.1","","99.30","","","","0","","NA"
"2018-10-30 03:00","2018","10","30","03:00","-0.4","","-1.5","","92","","26","","4","","24.1","","99.31","","","","-2","","NA"
"2018-10-30 04:00","2018","10","30","04:00","0.1","","-2.0","","85","","27","","6","","24.1","","99.33","","","","","","Clear"
"2018-10-30 05:00","2018","10","30","05:00","0.9","","-2.2","","80","","27","","8","","24.1","","99.39","","","","","","NA"
"2018-10-30 06:00","2018","10","30","06:00","-1.0","","-4.0","","80","","0","","1","","24.1","","99.43","","","","-1","","NA"
"2018-10-30 07:00","2018","10","30","07:00","-1.4","","-3.2","","88","","36","","3","","24.1","","99.48","","","","-2","","Clear"
"2018-10-30 08:00","2018","10","30","08:00","2.3","","-2.2","","72","","36","","2","","24.1","","99.54","","","","","","NA"
"2018-10-30 09:00","2018","10","30","09:00","5.0","","-0.9","","65","","22","","7","","24.1","","99.58","","","","","","NA"
"2018-10-30 10:00","2018","10","30","10:00","6.8","","0.2","","63","","18","","7","","24.1","","99.61","","","","","","Clear"
"2018-10-30 11:00","2018","10","30","11:00","8.3","","0.0","","56","","34","","7","","24.1","","99.60","","","","","","NA"
"2018-10-30 12:00","2018","10","30","12:00","9.6","","-0.4","","50","","24","","8","","24.1","","99.53","","","","","","NA"
"2018-10-30 13:00","2018","10","30","13:00","11.2","","-0.2","","45","","22","","8","","24.1","","99.51","","","","","","Clear"
"2018-10-30 14:00","2018","10","30","14:00","12.0","","-0.3","","42","","21","","11","","24.1","","99.43","","","","","","NA"
"2018-10-30 15:00","2018","10","30","15:00","11.8","","0.0","","44","","20","","9","","24.1","","99.43","","","","","","NA"
"2018-10-30 16:00","2018","10","30","16:00","10.4","","0.3","","49","","16","","13","","24.1","","99.42","","","","","","Mainly Clear"
"2018-10-30 17:00","2018","10","30","17:00","8.8","","1.1","","59","","16","","7","","24.1","","99.43","","","","","","NA"
"2018-10-30 18:00","2018","10","30","18:00","8.0","","1.6","","64","","14","","9","","24.1","","99.39","","","","","","NA"
"2018-10-30 19:00","2018","10","30","19:00","7.0","","2.3","","72","","14","","8","","24.1","","99.32","","","","","","Mainly Clear"
"2018-10-30 20:00","2018","10","30","20:00","6.5","","3.7","","82","","18","","9","","24.1","","99.34","","","","","","NA"
"2018-10-30 21:00","2018","10","30","21:00","7.0","","4.5","","84","","14","","5","","24.1","","99.27","","","","","","NA"
"2018-10-30 22:00","2018","10","30","22:00","7.9","","5.0","","82","","15","","14","","24.1","","99.25","","","","","","Mostly Cloudy"
"2018-10-30 23:00","2018","10","30","23:00","7.3","","5.9","","90","","8","","4","","12.9","","99.23","","","","","","Rain"
"2018-10-31 00:00","2018","10","31","00:00","6.8","","6.3","","96","","10","","8","","19.3","","99.12","","","","","","NA"
"2018-10-31 01:00","2018","10","31","01:00","7.0","","6.5","","97","","10","","13","","24.1","","99.02","","","","","","Cloudy"
"2018-10-31 02:00","2018","10","31","02:00","7.2","","6.5","","96","","11","","17","","19.3","","98.89","","","","","","NA"
"2018-10-31 03:00","2018","10","31","03:00","7.1","","6.5","","96","","11","","9","","24.1","","98.85","","","","","","Rain"
"2018-10-31 04:00","2018","10","31","04:00","7.3","","6.8","","97","","13","","9","","16.1","","98.76","","","","","","Rain"
"2018-10-31 05:00","2018","10","31","05:00","7.7","","7.3","","97","","14","","12","","11.3","","98.62","","","","","","Rain"
"2018-10-31 06:00","2018","10","31","06:00","8.1","","7.7","","97","","15","","11","","11.3","","98.52","","","","","","Rain"
"2018-10-31 07:00","2018","10","31","07:00","8.4","","8.0","","97","","16","","10","","3.6","","98.48","","","","","","Rain,Fog"
"2018-10-31 08:00","2018","10","31","08:00","8.3","","7.9","","98","","14","","9","","3.2","","98.48","","","","","","Moderate Rain Showers,Fog"
"2018-10-31 09:00","2018","10","31","09:00","8.6","","8.3","","98","","17","","7","","3.2","","98.40","","","","","","Rain Showers,Fog"
"2018-10-31 10:00","2018","10","31","10:00","9.7","","9.4","","98","","15","","9","","4.0","","98.29","","","","","","Rain Showers,Fog"
"2018-10-31 11:00","2018","10","31","11:00","10.4","","10.1","","98","","17","","5","","9.7","","98.30","","","","","","Rain,Fog"
"2018-10-31 12:00","2018","10","31","12:00","11.2","","10.9","","98","","24","","8","","3.2","","98.27","","","","","","Drizzle,Fog"
"2018-10-31 13:00","2018","10","31","13:00","12.2","","11.8","","98","","25","","7","","9.7","","98.27","","","","","","Fog"
"2018-10-31 14:00","2018","10","31","14:00","12.3","","11.8","","97","","29","","10","","9.7","","98.36","","","","","","Rain Showers,Fog"
"2018-10-31 15:00","2018","10","31","15:00","12.0","","10.2","","89","","30","","17","","22.5","","98.43","","","","","","Rain Showers"
"2018-10-31 16:00","2018","10","31","16:00","11.5","","9.3","","87","","32","","13","","24.1","","98.53","","","","","","Mostly Cloudy"
"2018-10-31 17:00","2018","10","31","17:00","10.7","","8.3","","85","","28","","7","","20.9","","98.60","","","","","","NA"
"2018-10-31 18:00","2018","10","31","18:00","9.3","","7.7","","89","","28","","7","","24.1","","98.70","","","","","","NA"
"2018-10-31 19:00","2018","10","31","19:00","8.1","","6.2","","88","","31","","11","","24.1","","98.78","","","","","","Mainly Clear"
"2018-10-31 20:00","2018","10","31","20:00","7.0","","5.2","","88","","29","","5","","24.1","","98.84","","","","","","NA"
"2018-10-31 21:00","2018","10","31","21:00","5.9","","4.7","","92","","27","","5","","24.1","","98.88","","","","","","NA"
"2018-10-31 22:00","2018","10","31","22:00","5.1","","4.2","","94","","27","","7","","24.1","","98.92","","","","","","Clear"
"2018-10-31 23:00","2018","10","31","23:00","4.7","","3.8","","94","","36","","2","","24.1","","98.94","","","","","","NA"
